Date,nvda,msft,googl,amzn,aapl,meta
2023-01-03,100.0,100.0,100.0,100.0,100.0,100.0
2023-01-04,103.03177092903506,95.6256893772029,98.83304931473226,99.207643547432,101.0314094798429,102.10840067368426
2023-01-05,99.65071314263494,92.79154215927858,96.72352998026422,96.85388375921303,99.96000519119839,101.76367335976416
2023-01-06,103.80021136284971,93.88511981497786,98.00269759373154,100.30296217333377,103.63795187868278,104.23281236146539
2023-01-09,109.17218353794811,94.79922604380036,98.76570015702424,101.79445458052155,104.06170329869391,103.79189556401127
2023-01-10,111.13516192199712,95.52132358850888,99.2145505963786,104.71918325117645,104.52544952750664,106.61378281155012
2023-01-11,111.77783691996734,98.40972686792524,102.69299899546287,110.80167405736483,106.73224235452112,106.5336105120606
2023-01-12,115.34053882837571,99.55338804966195,102.25540220479965,111.01141573275038,106.6682581047957,109.59596529848695
2023-01-13,118.05097225842567,99.85389575617772,103.36624874432859,114.33232707468726,107.74764026285528,109.81238238151711
2023-01-17,123.6605006260229,100.32140968553558,102.43491647037557,111.92030225275164,108.69113808835857,108.51371946469781
2023-01-18,121.39013939158265,98.42641700974363,102.24417446627434,111.23281219287841,108.10747567308154,106.6378209275122
2023-01-19,117.1148890892542,96.806903378031,104.40978930975923,109.15870500850818,108.15542974040535,109.14703990901056
2023-01-20,124.61754915241201,100.26713397317013,109.9865293047862,113.31857416199121,110.23425406796896,111.72838557829037
2023-01-23,134.07617021412975,101.25218640530306,111.97262988269519,113.63318223007151,112.82480350619295,114.8549201599522
2023-01-24,134.57909842020024,101.02679088726117,109.62745759002466,112.23491032083194,113.96016723003908,114.75069740460535
2023-01-25,134.98429067119056,100.42992180851967,106.84472305357869,113.23700844878547,113.42447128934776,113.43594326436998
2023-01-26,138.33041509804843,103.51449320692232,109.42549648412006,115.61407780648952,115.10355845234793,118.08562813737981
2023-01-27,142.26335586730877,103.58126032448702,111.50134987645602,119.13306714907341,116.67864794592815,121.64503390478771
2023-01-30,133.85957270198318,101.30646211766852,108.77470221230496,117.1638352473939,114.33594597183354,117.89322449052119
2023-01-31,136.47922747065385,103.43516918124702,110.90665111365779,120.17012074125853,115.36738646983125,119.42442039357726
2023-02-01,146.3010967151959,105.49712877813424,112.69076467549633,122.52388941947348,116.27888596684085,122.75131785453893
2023-02-02,151.6520968562113,110.44329291781867,120.89318041844399,131.56607325054435,120.5884739514499,151.33074972946324
2023-02-03,147.3978119111005,107.83455431851851,117.5718080813289,120.47308291459228,123.53080648691358,149.53503583166236
2023-02-06,147.32098789831508,107.17505135592009,115.4623146570267,119.06315622061024,121.31604819774596,149.15824946986268
2023-02-07,154.89346126563456,111.67879573159449,120.78098076368833,118.9815905074045,123.65072267337784,153.61551835611863
2023-02-08,155.11701607148197,111.3323508333313,111.50134987645602,116.58122047021145,121.46796271270391,147.0498426262308
2023-02-09,156.0390911771367,110.0342010351163,106.6090700953762,114.47214893161362,120.62845014935861,142.63266605966723
2023-02-10,148.55045253122637,109.81717678914815,106.11536052225222,113.73805751276225,120.92471074950284,139.61040359293327
2023-02-13,152.20397983907154,113.24817998523172,106.16022829274377,115.98695090828643,123.19893704505674,143.84320978445103
2023-02-14,160.4680295662281,113.60299615556863,106.23879655225514,116.17338301418691,122.67841518569453,143.88326508445763
2023-02-15,159.02199412863166,112.69498169750403,108.77470221230496,117.87462598675621,124.38407870372899,142.0234207510023
2023-02-16,153.6989166385348,109.6947190963323,107.17011155276428,114.36728253891886,123.08683743360254,138.23955228885623
2023-02-17,149.40971168761243,107.98328522908693,105.86850573569022,113.26030912827456,122.1579305481181,138.59228819479856
2023-02-21,144.28919693868394,105.7278955349089,102.99596656448561,110.20741338543583,118.89877857950748,137.95093447867305
2023-02-22,144.98075994479035,105.24249276045448,102.83887322907255,111.61734007941789,119.24310491233277,137.18135691092442
2023-02-23,165.30910414627996,106.60661709100654,101.98610921463091,111.65229554364949,119.6354597560534,137.91887543079346
2023-02-24,162.6685240815838,104.28426377052969,100.0112277385253,108.94896333312265,117.4814101994641,136.5961126985358
2023-02-27,164.17041817474797,104.67758910246405,100.84157945952603,109.25192550645639,118.45034291190497,135.91470368240368
2023-02-28,162.17949710918438,104.36794373981144,101.05476830395597,109.79958481940729,118.0419454785208,140.243724037246
2023-03-01,158.5609298683429,103.04984830508268,101.39139317838881,107.39920589221823,116.36033964135073,139.02517172043991
2023-03-02,162.86415623651274,105.0751197213087,103.23161088596618,107.35259564324411,116.84078604470882,139.9150262472657
2023-03-03,166.88784895969096,106.82419156143024,105.08303042190302,110.58028648723277,120.94072852464255,148.50887482181963
2023-03-06,164.54071712738818,107.48535174768645,106.74371659046056,109.24027072171387,123.1829068626551,148.22832730313502
2023-03-07,162.7101209527513,106.34717315963185,105.31868338010551,109.00722836683929,121.3971792834459,147.91565903709454
2023-03-08,168.94939790698967,106.1588719403017,105.75628017076872,109.43835761235687,122.41415291404398,148.2844491467672
2023-03-09,163.74416709042507,105.58143102507404,103.59067396400576,107.49242639016646,120.58839950787836,145.65497788598222
2023-03-10,160.45334046244503,104.02062765282697,101.69435211068961,105.72128137912998,118.9147963546472,143.90734022010548
2023-03-13,160.46032446360735,106.2509428325306,102.23295536447097,107.702168065552,120.49230526430196,145.02165744166945
2023-03-14,168.12493857283872,109.12564945317843,105.4421107733865,110.5569769177477,122.18994128387368,155.53953014491418
2023-03-15,169.2777794989253,111.07141343557727,107.84335266490805,112.0950795739096,122.51027197214421,158.52975824355906
2023-03-16,178.45151206963595,115.57384775302415,112.56733728221533,116.56956568546892,124.80047882105205,164.28570238652958
2023-03-17,179.73712914019066,116.92539552459218,114.02603643470246,115.2994608484132,124.1198040248165,156.81416728566666
2023-03-20,180.95978337043888,113.91262841763896,113.5772119055139,113.85457869019955,126.04165167455852,158.57784681537845
2023-03-21,183.0488944179269,114.5611858437466,117.72890141674195,117.23374617585709,127.54712402150128,162.06511355510963
2023-03-22,184.92835189323853,113.93772913327793,115.98968153556079,115.00815345982198,126.38600282190767,160.18116940621596
2023-03-23,189.97985456184807,116.18475410567335,118.4919298902005,115.0198082445645,127.26683156744912,163.7646256294812
2023-03-24,187.1012308934821,117.40244012755512,118.31240698790265,114.34397296943379,128.32386824678937,165.15153113728854
2023-03-27,185.3685175649632,115.64914989994102,114.96857917373691,114.23910657673902,126.74634692987267,162.61022842812008
2023-03-28,184.52310622732537,115.16796551297917,113.36401442436205,113.30691937724866,126.24185525291212,160.8786326260784
2023-03-29,188.53356540336813,117.37733941191617,113.76797118305903,116.81426282508605,128.74025595685052,164.6224211084274
2023-03-30,191.32130358050912,118.85860914917154,113.20691245222704,118.8534145452247,130.0135139896841,166.6185595850044
2023-03-31,194.07416181303068,120.63698699184233,116.39364693097973,120.356561737155,132.04743643635646,169.90542642574994
2023-04-03,195.38766147331177,120.18928769317544,117.10054534853363,119.33116292971239,133.06444728874033,170.81131047651553
2023-04-04,191.8103839678314,120.16835296269997,117.5045021072306,121.12560862023795,132.63202939627752,172.13403618908742
2023-04-05,187.81393285530538,118.97997294336741,117.22398137853656,117.80470616829706,131.13457214053557,169.5366363160773
2023-04-06,188.9038643560083,122.01785386654187,121.65620889190254,118.92332547368787,131.85528517098945,173.24032013883863
2023-04-10,192.69078207993437,121.09309686432978,119.43448126595688,119.0515014358677,129.74923931077166,172.15808664494475
2023-04-11,189.82613976762372,118.34810565907819,118.2114005247845,116.42973493854656,128.76430123045296,171.43659764901548
2023-04-12,185.1169866932744,118.62427903401809,117.41471474591584,113.99440943712192,128.2037659513963,171.55686226819736
2023-04-13,184.89343188742697,121.2813784327865,120.54533644220777,119.31950814496987,132.5759857941814,176.64742691897558
2023-04-14,186.95451345415077,119.733177820688,122.16114620355181,119.4476841071497,132.29571815465303,177.5613195617634
2023-04-17,188.65935754667396,120.84622949193911,118.90710575070085,119.71568192625588,132.31172352253085,175.45293739792208
2023-04-18,193.30560119563964,120.66627989380929,117.25763004722474,119.20298696753258,133.30468910131225,174.6753142184654
2023-04-19,195.150125311409,120.69976498210428,116.89856696918513,121.53344607626249,134.23358357953475,172.9196679605664
2023-04-20,189.37199273984368,119.72061436228626,118.14407727724232,120.96247719382653,133.44882426304588,170.81131047651553
2023-04-21,189.47677946473974,119.57416295303369,118.27872377232669,124.63295206807533,132.1435679017186,170.66699540147633
2023-04-24,188.938824423012,117.90453304382793,118.90710575070085,123.7590299023016,132.3917875837056,170.58681076209157
2023-04-25,183.34232929658955,115.24744674564178,116.5282934260641,119.51759503561289,131.14261204626024,166.38608829824392
2023-04-26,188.3379332484392,123.59537358177191,116.37118281720716,122.32580252883048,131.13457214053557,167.86917094969007
2023-04-27,190.22438807864387,127.55383242141272,120.7248766179495,127.96550930475877,134.8581775518884,191.2457944865718
2023-04-28,193.87854301183248,128.5706865170183,120.44436452597739,122.87345295178538,135.8751387752246,192.65673811034125
2023-05-01,201.99029344022014,127.85932489948415,120.28726255384241,118.91167957894133,135.8030649907268,194.9494906492284
2023-05-02,197.09943615207442,127.79656000980448,118.17775185609631,120.75273551844101,134.9622744794037,191.7909093595823
2023-05-03,194.24882861074195,127.37390902444746,118.27872377232669,120.77604508792605,134.08944841780115,190.01924591763873
2023-05-04,192.57197393779083,127.79656000980448,117.47084480182049,121.1838736539546,132.76014678287143,187.2054166217032
2023-05-05,200.3832921326228,129.9891782640117,118.45826394806842,123.11815898139848,138.99018039662542,186.6121638172923
2023-05-08,203.6740920531414,129.15229996770051,120.92684636057606,123.31624587204149,138.9341243872674,187.00499204292703
2023-05-09,199.62171551639412,128.46185998005961,120.4555663543369,124.23677828678932,137.54877915024153,187.08515200252128
2023-05-10,201.81561328877814,130.68379733739837,125.39274845279604,128.39664744027235,138.9821528981627,186.8526560359703
2023-05-11,199.6706302319917,129.763219420932,130.80118464732854,130.7154517642597,139.1342907438352,189.02518097536137
2023-05-12,198.0077569150959,129.28620101913359,131.85594431456252,128.47821315347804,138.3805371748863,187.43786322867314
2023-05-15,202.29068561258373,129.4912382323201,130.73386139978635,129.5735228893838,137.9795840986546,191.4862867052498
2023-05-16,204.10730043116527,130.44527503591686,134.10009287067103,132.1370332429843,137.9795840986546,191.4542276573702
2023-05-17,210.84961242131982,131.6782101355668,135.59246660201217,134.5840135291515,138.4767678983438,194.39635484430045
2023-05-18,221.32991406607215,133.57369408319406,137.82542196648313,137.6718736262178,140.3692227445955,197.89161783615864
2023-05-19,218.43734910284294,133.49819542754307,137.7468623436937,135.45793569492523,140.45738874780454,196.9216033497386
2023-05-22,217.822516633407,134.68918246274833,140.31645121931945,134.01305353671157,139.687604996454,199.0700654933771
2023-05-23,214.41293527820625,132.2065959204656,137.5224543974604,133.9897439672265,137.57064074574592,197.80343694464685
2023-05-24,213.36488107701575,131.61528803889982,135.6597984862763,136.04055047210767,137.7951625574642,199.78357057707458
2023-05-25,265.36114363486416,136.6769469119209,138.55476722436572,134.00139875196902,138.7173198924638,202.57336175704808
2023-05-26,272.110439626181,139.59984402446744,139.8227243727516,139.95572248597358,140.67389546832203,210.0689473137683
2023-05-30,280.2501527666793,138.89532091088086,138.76795606879563,141.76183185123764,142.17342473680475,210.45377928727603
2023-05-31,264.3410788532457,137.71274444949617,137.8702983736966,140.50338179892447,142.13333687353872,212.21744647709255
2023-06-01,277.8676602554515,139.46986004713457,138.82406021453443,143.05522847778644,144.4106649845728,218.54255594893087
2023-06-02,274.7724257212083,140.6524365085193,139.89003898357183,144.7797721298448,145.1002730093913,218.54255594893087
2023-06-05,273.6824675130439,140.87891937489,141.39363181671632,146.00326671792638,144.00172163166414,217.56449585080279
2023-06-06,270.07031006294415,139.93115775020294,142.85233960592538,147.52971458934573,143.70503918461458,217.34807876777262
2023-06-07,261.8598221496729,135.61177786888504,137.4551311499182,141.2607827872609,142.59042040270003,211.31954633855875
2023-06-08,269.09201575099246,136.40014470903182,137.05118302794318,144.7797721298448,144.79560028566482,212.1052027898282
2023-06-09,270.9087908143426,137.04177192711595,137.15217221761742,143.8242842508654,145.10831291511596,212.40182919203363
2023-06-12,275.88393685074163,139.16372564053168,138.7342987633855,147.48310434037165,147.3776135276873,217.29195692414044
2023-06-13,286.6448805001346,140.18697282028745,138.94750488125933,147.58797962306238,146.9927154483811,217.5084233667516
2023-06-14,300.44532021177946,141.46599576838094,138.76795606879563,147.3083181292177,147.50595424499576,219.1358087533417
2023-06-15,298.0416486836426,145.9782948242809,140.361318989811,148.11232936652823,149.15780746807982,225.9339310901995
2023-06-16,298.3141182050877,143.558577976336,138.6108627333826,146.22465428805845,148.2837406802852,225.26853925811193
2023-06-20,306.11229632889916,141.7637458023278,138.12838089878392,146.5625719256238,148.35591372287834,227.93805347900826
2023-06-21,300.78073921980024,139.88081221252,135.26707810282656,145.4556074049755,147.5139693361966,225.78163210292854
2023-06-22,300.6410324890927,142.4598976438406,138.1844764078008,151.6546193886012,149.95167371481858,228.3790319759387
2023-06-23,294.93906959750785,140.49306792514352,137.27559097417645,150.69914039961776,149.69505431651123,231.46546189801285
2023-06-26,283.9196778439173,137.80080656354892,132.78725931507168,148.36868129088788,148.56441775945694,223.24035407355058
2023-06-27,292.6122621433485,140.30438023863627,132.77604884999025,150.52434529846784,150.80164559996308,230.11866104979313
2023-06-28,287.3086944538217,140.8411372956088,134.85189360560426,150.36121387205642,151.75590052155167,228.70771742602375
2023-06-29,285.24730575129155,140.50565758470984,133.64005787640107,149.03286178127607,152.02855010226065,225.69340185183572
2023-06-30,295.5889422563318,142.80794081314133,134.3132903518229,151.89932541821432,155.5407853995312,230.06251452637042
2023-07-03,296.3645536435387,141.73857958377747,134.53770693477816,151.7361939918029,154.32994830142104,229.29292461872652
2023-07-05,295.6938491648043,141.8056676656079,136.6135603271141,151.92263498769935,153.42379633429928,235.98684888002802
2023-07-06,294.1984716922275,143.11406211916199,134.7733512562587,149.5688663094844,153.80870682086743,234.07885427527702
2023-07-07,296.99348765260646,141.41568953244482,134.06644420198285,151.2234901430836,152.90259207553143,232.90846456966187
2023-07-10,294.73646679514735,139.1553281672934,130.6665208788003,148.1356300460173,151.24271135398465,235.77043179699788
2023-07-11,296.30865492677884,139.42373289694422,131.44076845406218,150.05826058871864,150.81771300415048,239.1294006457344
2023-07-12,306.7690595127704,141.40727895862423,133.449289962134,152.41202926693362,152.172883780185,247.98779189482363
2023-07-13,321.2683533674904,143.69698562807173,139.7441733866841,156.4903327072109,152.7903435769342,251.25055892013083
2023-07-14,317.71866466966077,144.77892341641962,140.7316184430979,156.93310784747504,152.91060716673226,247.6110795723955
2023-07-17,324.65031920757895,144.98440604940347,139.86760941668703,155.62805643618373,155.55682798919477,249.01397758445688
2023-07-18,331.86849139165105,150.75474092059233,138.8689452584699,154.77744383989508,155.34832395261617,250.16035385390046
2023-07-19,328.95465393539786,148.9053972237377,136.92775563466216,157.72547319003905,156.4469001448672,253.3349399876959
2023-07-20,318.07502232743775,145.46248559836613,133.75225753115677,151.43324070846512,154.8671827425905,242.5204285423505
2023-07-21,309.6130302499391,144.16244931630354,134.6723534298625,151.47984206744326,153.91295263552576,235.89866798851625
2023-07-24,311.7302909617677,144.7243725918264,136.36670554055212,150.0815701582037,154.56246038981632,233.7742563007351
2023-07-25,319.1860794301269,147.1859982024691,137.12971674056678,150.46609804474318,155.2601207276214,236.0670581992033
2023-07-26,317.5998698812479,141.64631218281443,145.05162039154234,149.3241602798713,155.96578374936536,239.35388802026313
2023-07-27,320.7303582645705,138.68983827789702,145.1975118985959,149.44069034730458,154.93935578518366,249.88774088786658
2023-07-28,326.6697504882124,141.89790886540638,148.76573902227298,154.05500720578624,157.03226235502734,260.9267397077407
2023-07-31,326.52299298768895,140.8705088010694,148.92282372096412,155.7678782931101,157.52944615471657,255.41125076376238
2023-08-01,324.9717702132751,141.04664612975722,147.60997289192085,153.4490828591187,156.8558559050378,258.7061261965302
2023-08-02,309.33353666613965,137.3395350616451,144.05297350676906,149.39408898832647,154.42616661761664,251.9720972756411
2023-08-03,311.05248229829454,136.98727350485183,144.13149858267073,150.20974612038353,153.29548043151465,251.0742218168978
2023-08-04,312.20547011541896,137.45694247999393,143.75000593774635,162.63109743711195,145.9342519339199,249.10213379617812
2023-08-07,317.35533636445217,138.43404940897705,147.5875174148702,165.71894864418226,143.41635942150396,253.77586912504526
2023-08-08,312.0936192669763,136.7314322336028,147.44166045470442,163.06222668262956,144.1781404889156,250.63334203912945
2023-08-09,297.34984531038344,135.12950613359436,145.48926036581526,160.6269011812049,142.88710284974954,244.67689927801123
2023-08-10,296.18986013836604,135.42306398121323,145.52290903450344,161.4542042080085,142.71065917797424,245.1018112313161
2023-08-11,285.4778979732242,134.6179021945899,145.37703480089377,161.27942688685053,142.75886139053645,241.8150060900468
2023-08-14,305.72797595901153,135.88852766944507,147.36311810535884,163.79632699147692,144.09981344440976,245.46258040907122
2023-08-15,307.03466521662955,134.97431663596436,145.62392413434353,160.41715061582335,142.48585199923173,242.06353158053759
2023-08-16,303.86229953379456,134.64655316802538,144.41203658480867,157.38756444246968,141.7792584328437,235.92273078426885
2023-08-17,302.8700105120568,133.1672878198581,145.78097428614686,156.117450715418,139.71563300113303,228.5473728270447
2023-08-18,302.55561027617654,132.9991942486872,143.0206520431418,155.23188265489773,140.1090920911646,227.0723111075161
2023-08-21,328.18606661054537,135.2685164121147,144.0417371315218,156.93310784747504,141.1930773433968,232.40336797697228
2023-08-22,319.1091619412265,135.51226584592393,144.83844018383436,156.43206767349426,142.30919740400378,230.55959018714253
2023-08-23,329.22728370161144,137.4201822461302,148.53009470079243,157.9119141859355,145.43272559255843,235.88267548426222
2023-08-24,329.55557181743205,134.46586993728818,145.62392413434353,153.62386018027667,141.62669874026588,229.87813181142934
2023-08-25,321.5548710136443,135.7307966588537,145.73609787893335,155.27848401387584,143.41728996614802,228.87610763671077
2023-08-28,327.26369772281504,136.0333677070778,147.00403775387537,155.1386621569495,144.68598212659475,232.69207216642224
2023-08-29,340.8824732818556,138.01270848184754,150.99867711330006,157.20112344657323,147.84162030900038,238.88889608716113
2023-08-30,344.2365298247563,138.17240457978016,152.46857809414666,157.38756444246968,150.67609651658677,236.57208075252137
2023-08-31,344.87246118871707,137.73957444199542,152.7939925034981,160.81332439710937,150.8527262972909,237.20541353672937
2023-09-01,338.9608714324173,138.11778825227557,152.22175785447246,160.9415003592892,152.12947077072423,237.59821708257357
2023-09-05,339.2333943687852,140.17277178910132,152.3451766110315,159.95106590607418,152.32215554835383,240.62050422909803
2023-09-06,328.86999128268457,139.89122717542867,150.87522380985322,157.72547319003905,146.87003244250846,239.83489713740963
2023-09-07,323.139745189452,138.64310850092198,151.7728728682303,160.6269011812049,142.57420411136957,239.43404797985735
2023-09-08,318.4646307746873,140.4753428373254,153.0296713718664,161.069676321469,143.07200827415483,238.80871144777637
2023-09-11,315.711251746668,142.01766128798243,153.63555468958023,166.74435634162086,144.01953845978235,246.56085576680016
2023-09-12,313.55892413798995,139.42474164177938,151.86264295610118,164.56536498456384,141.56245393804014,241.83102327409136
2023-09-13,317.85666212283724,141.22761757330446,153.39992764154357,168.78350806175953,139.88426009789825,244.5567086982009
2023-09-14,318.5275268463402,142.3370403832654,154.95963325714882,168.63202253009464,141.1128023587694,249.8957864995746
2023-09-15,306.7803567689527,138.77334138931806,154.1741406699177,163.58657642609538,140.52660886206053,240.74878978019746
2023-09-18,307.2415946277407,138.2858687228642,155.08305201370786,163.10882804160767,142.9033811773896,242.54451601789359
2023-09-19,304.1249140019742,138.11358296536525,154.89230137288467,160.37054925684524,143.78667896805328,244.56468027053742
2023-09-20,295.1730803745027,134.8020439790477,150.06736211279093,157.64389858683734,140.91206526815319,240.23572161517137
2023-09-21,286.6335298290295,134.28095521847612,146.3644539471417,150.69914039961776,139.6594032901081,237.07715266542047
2023-09-22,290.7774862509989,133.22194344910952,146.15128237615568,150.45443437000466,140.34999148861834,239.76268407036133
2023-09-25,295.05425887862845,133.44467954894955,147.11628059224074,152.9596885798845,141.38579934281213,241.16563144200373
2023-09-26,292.88091249781,131.17534428493974,144.26617098792093,146.7956231704944,138.0776014678287,239.66648224693205
2023-09-27,296.77328463316763,131.44849142537413,146.47666223861933,146.7956231704944,136.84904679969569,238.68847150838496
2023-09-28,301.11300674737305,131.80569190168512,148.46272826964054,146.7956231704944,137.05784861056037,243.6748504235021
2023-09-29,303.97812979398935,132.69243101413505,146.83572531665894,148.12398415127075,137.4753653814563,240.66860514081273
2023-10-02,312.9439848387083,135.234900317997,150.54984394738958,150.85062593128265,139.5148835032549,245.96762764217982
2023-10-03,304.1039219372951,131.70063833242165,148.59740931161267,145.32743144279567,138.43089825102274,241.25381233351555
2023-10-04,307.76572855818165,134.0414110715772,151.75048648495522,147.9841534043484,139.44263601709025,244.97350100042615
2023-10-05,312.28703470260706,134.2095046427481,151.55973584413204,146.77231360100933,140.44633387743312,244.34021757579922
2023-10-06,319.79239221936865,137.52944110230396,154.37613632271007,149.10277270973924,142.51798680760655,252.86997273438442
2023-10-09,316.3751191152779,138.6052609187294,155.31867906174452,149.45233624205113,143.72243416582754,255.21884711690376
2023-10-10,320.0439497985189,138.00431100860925,154.91472230304754,150.87391772077572,143.24064777818197,258.00865063677253
2023-10-11,327.0879626266468,139.69792808396056,157.7087191249066,153.61221428553014,144.37283524297638,262.80265058482155
2023-10-12,328.0593397060897,139.1683763472393,155.9358592117592,154.1948290627126,145.1035485265384,259.86851965001836
2023-10-13,317.6889125576347,137.72695858126457,154.12926426270423,151.23513603783013,143.6100243728253,252.27671992997358
2023-10-16,322.11938662575795,139.79035269191093,156.08168162503725,154.45118098707226,143.50562967102394,257.45547781215873
2023-10-17,307.0459624728118,139.54664255984855,156.7773868509536,153.19273093475908,142.24496500903993,259.74028345849996
2023-10-18,294.8725413111014,138.7271487362163,154.8025312850138,149.30086849037824,141.1930773433968,254.10455457513032
2023-10-19,294.2087273574142,139.2356478372216,154.56690423697714,149.61546766846254,140.88798277276499,250.76962384235588
2023-10-20,289.2191592918463,137.28152568333127,152.15440869676445,145.8517811862615,138.81632984259156,247.4346437500004
2023-10-23,300.31634988056425,138.39514067962023,153.164283320063,147.4714495556291,138.91268463866828,251.73161739685835
2023-10-24,305.124200378605,138.9036528812078,155.75630176257357,149.80190866435902,139.2659690146004,250.5611536518717
2023-10-25,291.9584634876953,143.1649578813005,140.9447900140839,141.44721489316137,137.38705049110425,240.1234532481165
2023-10-26,281.80471397377113,137.79419076950003,137.2082677266343,139.326497459817,134.0065803154323,231.1608392436804
2023-10-27,283.0206512774713,138.60106873240142,137.08483169663134,148.84642078537956,135.07448575621515,237.87880162094396
2023-10-30,287.6398402680147,141.75289852020407,139.65441193553517,154.63762198296874,136.73662459943154,242.63269690940535
2023-10-31,284.9772666088361,142.08912496429272,139.22801697323143,155.08039712323284,137.12208100552422,241.51833032826033
2023-11-01,295.7740783789212,145.43425384356345,141.8873413898403,159.63644894799788,139.69153809848288,250.00003393471198
2023-11-02,304.0270578633176,146.37980146984603,143.0543266219958,160.88325310556453,142.5822192025704,249.214352803652
2023-11-03,314.50233850532226,148.2624861485906,144.8608611139972,161.5008233469786,141.84347842054564,252.20460558208737
2023-11-06,319.7154480230069,149.83001011954477,146.15128237615568,162.82918432775494,143.91513135071904,253.16662381638037
2023-11-07,321.14109231380627,151.510998233583,146.95917862010575,166.2899175266182,145.99482418661714,255.58761254678592
2023-11-08,325.4667395958413,152.63305000485704,147.93537002782838,165.55581721777085,146.8539898528449,256.35725181401085
2023-11-09,328.0942997730934,151.578256622983,146.14005463763036,163.83128245570848,146.4685582612761,256.97449337480276
2023-11-10,337.7728701333664,155.352049654875,148.77691494046667,167.28035197983323,149.86956245542692,263.56419488075744
2023-11-13,339.76449894665774,154.0955073059655,148.21590802996633,166.15007788969987,148.58312791043346,263.900950622341
2023-11-14,347.0042507595602,155.60417036075793,149.93266379737491,169.89047258240782,150.7057498725774,269.60876917380637
2023-11-15,341.6373863864591,155.66734136848814,151.0547467121511,166.86086862906217,151.1640244988831,266.7227885102988
2023-11-16,345.77439886845826,158.4044984255393,153.64676515466167,166.4297393835446,152.530882915647,267.90922007974905
2023-11-17,344.5025361405368,155.74314133753145,151.82902883430077,169.168018168307,152.51480310419768,268.5906537756717
2023-11-20,352.2663951764188,158.93929039517053,152.88379713825674,170.27500046894727,153.92988854804761,272.54290010860956
2023-11-21,349.01684493006917,157.09906470357936,153.69165883531906,167.67652576111922,153.2786065553024,270.1459494941661
2023-11-22,340.4354170850836,159.1119298683909,155.3972214110901,170.95083574407798,153.81731746064045,273.7614154057299
2023-11-24,333.8665567031455,158.93508510826027,153.37748943793682,170.9857912083096,152.73993287175009,271.1479489890942
2023-11-27,337.12297076708103,159.43197709336988,153.06328549366683,172.13935708793602,152.59521456870618,268.31813952879986
2023-11-28,334.18101035394864,161.1542451421567,153.94974136040636,171.32369995587894,153.08564881791054,271.7572189775496
2023-11-29,336.4102287440656,159.53303498503945,151.4699484828173,170.49639692907533,152.25751371374662,266.31391842082905
2023-11-30,326.83643175495797,159.55831910883026,148.70963487653418,170.22838132997717,152.7238530603008,262.26549494425234
2023-12-01,326.8014716879543,157.70545135534365,147.95782550487903,171.32369995587894,153.7610257133059,260.3976296788795
2023-12-04,318.0312755056257,155.444172949433,145.05162039154234,168.771844387021,152.30574074083265,256.5496061012885
2023-12-05,325.4394979851891,156.86747261012138,146.9816340971564,171.148922634721,155.51379960485352,255.16274995306213
2023-12-06,318.010310148408,155.3009966857492,145.89321712451223,168.39898017522003,154.62937275335506,254.48933718905698
2023-12-07,325.64909814244265,156.20637792677653,153.64676515466167,171.148922634721,156.19721640597356,261.816569554776
2023-12-08,332.00891922381703,157.58757231603295,151.4699484828173,171.77813877088158,157.35501245937243,266.7548228783879
2023-12-11,325.86577577697346,156.35373327620604,149.56239025425387,169.99533897510258,155.32082946019975,260.7664197885522
2023-12-12,333.0642111470534,157.65073022318086,148.69838986456497,171.84804969934478,156.55098466512055,267.9333075552921
2023-12-13,336.07641218373027,157.64653803685286,148.75454583063544,173.43276260448079,159.1640656909927,268.3501245373079
2023-12-14,337.9074223240192,154.09242866913084,148.04757831930598,171.77813877088158,159.28465186960068,267.091553940181
2023-12-15,341.681373575424,156.1137306089275,148.78815995243585,174.74947769051062,158.85048455320705,268.4944519522424
2023-12-18,349.977058290637,156.92220684286644,152.37882527971968,179.52692597540369,157.49971835515439,276.27058502764726
2023-12-19,346.67134225291323,157.1790961606975,153.33257848383553,179.20064534258887,158.3439580852915,280.87218132883766
2023-12-20,336.2370842716555,156.06736764825618,155.22890897387364,177.25471412039846,156.64747594107843,280.006463637136
2023-12-21,342.3802277184991,157.2969883005905,157.56284489129692,179.25891037630552,156.52685254068467,283.8624341072731
2023-12-22,341.2620664310713,157.73494076604476,158.76347015541867,178.7695160970713,155.65853031515934,283.3012650305323
2023-12-26,344.4000061961311,157.76862236307386,158.79715337099464,178.75787020232474,155.21629827851723,284.4556869116839
2023-12-27,345.36446604306525,157.52019602139248,157.50672347211423,178.67629559912305,155.29672215028768,286.86063377825445
2023-12-28,346.098280253144,158.0297169678152,157.34963877342312,178.72291473809315,155.64243809644807,287.2534866836797
2023-12-29,346.098280253144,158.34975109221193,156.74373818226542,177.0449813350089,154.79824799535868,283.7581866721357
2024-01-02,336.6354794737135,156.1726570280006,155.0381583330505,174.70285855154052,149.25851721309076,277.60943898332096
2024-01-03,332.4491917253875,156.05899637618245,155.8797550660204,173.0016333589632,148.1409330955771,276.1503697680464
2024-01-04,335.4474247597397,154.93884418933825,153.04084729006007,168.45724520893668,146.25950830517297,278.27483081540856
2024-01-05,343.1280633458253,154.8588520339669,152.30026565693024,169.23794687676218,145.67255796548696,282.1468925089617
2024-01-08,365.1846073148532,157.78125132438697,155.78998497814953,173.73573366781054,149.19419796729346,287.52605029013256
2024-01-09,371.3837028933795,158.24448791363207,158.15756956426097,176.38079195462475,148.8565095195958,286.53996926008693
2024-01-10,379.8400864039792,161.1837345528578,159.64990874871432,179.1307344141257,149.70072443520903,296.9937115276772
2024-01-11,383.13880508680995,161.96696596475275,159.42550943920298,180.8203137119565,149.2182928699436,296.35240717113265
2024-01-12,382.35600939248,163.58402323728882,160.0651105193805,180.16778800631084,149.48362216611935,300.2164479327683
2024-01-16,394.0413249892102,164.34197052539298,159.88555307019487,178.46656281373353,147.64243412612427,294.5807190493986
2024-01-17,391.7419995128559,164.00510215277285,158.7410664986997,176.77698351590274,146.8785934532338,295.31027833682646
2024-01-18,399.1082111555998,165.8579306045126,160.99640824644575,178.86273659501953,151.66253587559783,301.5311403735274
2024-01-19,415.7693938901875,167.879219443727,164.2504659727406,181.00675470785293,154.01831510375698,307.3994022431338
2024-01-22,416.9085739497558,166.9696329157894,163.81286054535545,180.3542290022073,155.89168758117452,306.06064700662216
2024-01-23,418.43915185648905,167.97605894790405,164.99103033242656,181.79912005041695,156.92887264144156,308.80232493498573
2024-01-24,428.84539371071327,169.5172507484854,166.8536776068887,182.78955450363196,156.38214664490266,313.21149290952707
2024-01-25,430.6275559040582,170.4900082841532,170.4106769920405,183.81496220107053,156.11680494146503,315.19959811429123
2024-01-26,426.53212693949587,170.09417419071318,170.76975734352396,185.4113210009531,154.70975940333972,315.96926206130667
2024-01-29,436.55402171637104,172.5323366585013,172.25090333633977,187.9049115360944,154.15500590833813,321.4847263254945
2024-01-30,438.71356033963343,172.05649730910767,169.95065063449246,185.27149914402673,151.188156623319,320.71508705826955
2024-01-31,429.9985417726063,167.4202143425568,157.20381636014508,180.84362328144155,148.2615192741851,312.7625428402601
2024-02-01,440.48172782319233,170.03101628356524,158.39319661229766,185.59776199684956,150.23942293328517,316.4823055465423
2024-02-02,462.37762641175635,173.1639550317273,159.7621343136358,200.198086890643,149.42735523330865,380.78401894716876
2024-02-05,484.5459945217655,170.8184398817882,161.2208421028449,198.45024255909559,150.89870760996928,368.29407056309964
2024-02-06,476.7954358016725,170.75110288889454,161.6921134723621,197.09857200883417,152.20123437367397,364.53420319722983
2024-02-07,489.9062888593564,174.35568880012224,163.30790596026227,198.70659448345523,152.28968574390714,376.45503561201224
2024-02-08,486.70550643756656,174.38093362216625,163.7230731840407,197.9025832461447,151.41331120539527,376.78369638230674
2024-02-09,504.12165569168053,177.09281965600886,167.19033702820937,203.2742922029668,152.03316560369518,375.26850532339995
2024-02-12,504.9252832059209,174.86522284712726,165.54084405128935,200.81565713205705,150.6645825775243,375.90186278739844
2024-02-13,504.0867223321382,171.1006002228278,162.8590727943518,196.50431133690515,148.96592916247508,368.8632605717579
2024-02-14,516.470865364482,172.75433912573394,163.75675639961665,199.23094422692108,148.2494594155981,379.413179982987
2024-02-15,507.79061991222864,171.51825988633803,160.19975701446486,197.85598188716656,148.0159919680349,388.03116539266506
2024-02-16,507.4761128465026,170.46355820853992,157.67503590933066,197.51805535960523,146.7681440076151,379.44526371065706
2024-02-20,485.38466222539387,169.92779679582029,158.34830293164026,194.68655607689456,146.1643694207645,378.18661907415867
2024-02-21,471.54683206775576,169.67043585702731,159.952884954459,196.44604630318852,146.77624594964936,375.6025462880269
2024-02-22,548.8847498258673,173.66560252820278,161.6808857338368,203.42577773463168,148.42656067225525,390.1281084736025
2024-02-23,550.834608169492,173.11295446493062,161.5350115002271,203.90352611911936,146.93720535854752,388.4428242984631
2024-02-26,552.7565305084673,171.93170116235572,154.36490858418478,203.6005550557896,145.84236375213467,386.60501901793805
2024-02-27,550.02382305559,171.90636463623582,155.8348786588069,202.21392904129664,147.02576839413803,390.8664537664538
2024-02-28,542.7694889687501,172.00764523780404,153.0296713718664,201.77115390103245,146.05168666800003,388.43480336654557
2024-02-29,552.8963173615592,174.50512714213352,155.3635727424019,205.9659696287511,145.5122809559944,393.3381841461591
2024-03-01,575.0296452821804,175.28983891982554,153.88244402303,207.66721260132041,144.63478976390968,403.10479168621765
2024-03-04,595.7024489673827,175.04514624409254,149.62973941196188,206.92146639772653,140.96380355036283,399.8064857625682
2024-03-05,600.8115863377446,169.8687131697599,148.8667023017814,202.88976431642732,136.95462019137955,393.41039721320743
2024-03-06,619.9337013977618,169.63248347017657,147.44166045470442,202.17897357706502,136.14957500165016,398.1211522278478
2024-03-07,647.6734596204549,172.60669556349438,150.78545372198238,206.03589833720628,136.052972060335,411.04171359683085
2024-03-08,611.742469564177,171.37482161100874,151.94120257889062,204.32300946989042,137.44569961820375,406.0340113427083
2024-03-11,599.4835311109877,170.65761713377995,154.4771168756624,200.37288199179292,139.07191943815948,388.08970585576776
2024-03-12,642.3897622822274,175.19703439498923,155.4084491496154,204.3696108288686,139.45833120342004,401.05844217583694
2024-03-13,635.2259130746911,175.12107721895862,156.85594647374305,205.7329272738765,137.7677425086193,397.7038910096027
2024-03-14,614.6499506446113,179.39047837889728,160.5700305575859,208.28478284273447,139.27316522651444,394.7024336062733
2024-03-15,613.9020883098236,175.6779567703056,158.4156002690166,203.2393367387352,138.9672393693339,388.4989955016763
2024-03-18,618.2213792160398,176.0576378458005,165.70915648850578,203.30924766719835,139.8528076889291,398.83541004515604
2024-03-19,624.8121931312683,177.78311553724473,164.97983714078902,204.96387150079758,141.75270689233326,398.24156492577276
2024-03-20,631.6196045586432,179.39467056522525,166.8985712875461,207.5856379981187,143.83779688716686,405.6889138319305
2024-03-21,639.0488725178085,181.14124019413228,165.6194036740788,207.5856379981187,137.9609359839877,407.4865897730773
2024-03-22,658.9958742313593,180.87548178210102,169.17642033267444,208.42460469966082,138.69353517136165,408.9471397757829
2024-03-25,663.9790592136468,178.39484722657727,168.3909450188872,209.40341103812128,137.5423273740427,403.6826443013469
2024-03-26,646.9187067606199,177.8843830382307,169.06417749430904,207.76043309926862,136.62457461702505,397.9606842299162
2024-03-27,630.7668887303059,177.79155231222984,169.2885940772643,209.54323289504765,139.52273730005078,396.331521898409
2024-03-28,631.5077002952777,177.49203369967583,169.35590868808453,210.18411270594677,138.04949901957818,389.6866857404428
2024-04-01,631.556628364606,179.11625699071635,174.4726482357293,210.871593875824,136.88217418902414,394.31723143590784
2024-04-02,625.1895161462628,177.79577069972242,173.42910767029866,210.54533102300118,135.92418468159738,399.1483744686827
2024-04-03,621.7788130776823,177.37812413679444,173.83304715555175,212.54952727890824,136.57627314636747,406.66798580146974
2024-04-04,600.3991697184393,176.29391994771296,168.90711006906182,209.74131978569065,135.90808005562425,410.0225369677039
2024-04-05,615.097300623459,179.5170169030918,171.11759268303825,215.64904216071707,136.5199069554614,423.199916236791
2024-04-08,608.9818261066504,179.12470686628373,173.7545048062062,215.78886401764345,135.6102065114303,416.7075024650483
2024-04-09,596.5480606109812,179.83765365427317,175.71816718050843,216.34816922534088,136.59236536507873,414.8215715930181
2024-04-10,608.3248759705492,178.56359582686193,175.20198485688996,216.67443207816368,135.07082561394853,417.17301267375115
2024-04-11,633.3248225556263,180.53375309345688,178.87120980696324,220.2866508086918,140.9154648579195,419.84534039076624
2024-04-12,616.3413341765769,177.98982962496243,176.98608978200653,216.88418264354522,142.13109115913107,410.8090078520605
2024-04-15,601.0700077344809,174.50512714213352,173.76571527128763,213.95944508289432,139.02360556024,401.44361966641185
2024-04-16,610.9528367597226,174.9017210693455,173.24955022111303,213.6098904405784,136.35891032477744,401.06643842796393
2024-04-17,587.3294995662708,173.7457518905614,174.45021003212256,211.2328121928784,135.24793927786757,396.58036822617646
2024-04-18,591.7745826157928,170.55214434588365,175.05611062328026,208.83244215568536,134.4750909328226,402.70354765201716
2024-04-19,532.5699094510228,168.3794782784813,172.90169760815485,203.48404276834833,132.83279130141756,386.06736978155857
2024-04-22,555.7597311306444,169.15575328118823,175.35906955558107,206.513628941702,133.50903670514737,386.5970721253921
2024-04-23,576.0631172094336,171.9443563248334,177.58079718152672,209.20530636748632,134.36239577279622,398.12922251934634
2024-04-24,556.8710286004863,172.5729484635539,178.55700586269322,205.7678827381081,136.0690890935701,396.0426696302159
2024-04-25,577.5238551045437,168.3457442791231,175.04491743164272,202.36541457296147,136.76946662173583,354.2154347039687
2024-04-26,613.1893729942697,171.41700548593434,192.94212264887915,209.29852686543455,136.2944918208848,355.748222453513
2024-04-29,613.3428874825333,169.69995146889295,186.43402446973334,210.85994798107745,139.67569402501005,347.18537169584647
2024-04-30,603.8727955661341,164.2492970063794,182.65260850162633,203.91517201386588,137.12370635683584,345.219231504641
2024-05-01,580.3823547007269,166.61604820018633,183.8644787777173,208.5760902313257,136.2944918208848,352.457937461781
2024-05-02,599.7840968818505,167.83948537768686,186.9613827115455,215.24120470469254,139.29733457273608,354.45616138065657
2024-05-03,620.5557181743206,171.56044376126363,187.65710521090574,216.97740314149345,147.6295553882505,362.7060723945869
2024-05-06,643.9762923206434,174.46294326720792,188.6221207004347,219.8788133526673,146.2851417083013,373.7165907362062
2024-05-07,632.8915207014875,172.69106331334555,192.15663006164806,219.94872428113047,146.8406148244943,375.77105989766653
2024-05-08,631.8990714349812,173.19732221478182,190.0583730125931,219.06315622061024,147.1143314297285,379.2700618777878
2024-05-09,620.2621497583509,173.94826069136883,190.7091672844082,220.81100055215765,148.5875573029392,381.53312462868485
2024-05-10,628.1668639457818,174.9692021686442,189.23923175667383,218.4572318739427,147.5637720855466,382.1591768746908
2024-05-13,631.8082126512177,174.53888734265627,189.78904547553662,217.39688649226449,150.1675972940258,375.5864550646108
2024-05-14,638.4967758752568,175.73702729578372,191.13554497326805,217.97950126944698,151.09465549748407,378.66812178711547
2024-05-15,661.3791412589683,178.80959856082242,193.5704787170875,216.7210512171338,152.94073199867591,386.444575699797
2024-05-16,659.4851015097194,177.9263049015108,195.44437100351885,213.97110875763286,153.03745901261024,379.77562738649715
2024-05-17,646.3455646384665,177.59664184914195,197.5538903379869,215.2178951352075,153.06166558061767,378.71632141799216
2024-05-20,662.4275159496959,179.76476201449486,198.51887128062808,213.86622458494608,154.00481600278718,376.25256261062333
2024-05-21,666.6628385971959,181.3285392189184,199.5624291195026,213.41178576994344,155.0608725084357,372.873973328427
2024-05-22,663.6155706636697,181.95401341905745,197.9129361425826,213.38849398045036,153.89197195561775,375.4018995911361
2024-05-23,725.4623061572449,180.46633749706956,194.73745531252106,210.96481437377227,150.65128199274523,373.796874094753
2024-05-24,744.1231299435511,181.80190255826204,196.35326507386512,210.61524195146438,153.1503154670416,383.7802195551184
2024-05-28,796.0661511770512,181.86950156280122,197.93539161963324,212.2465562155785,153.15839259455203,385.144444335442
2024-05-29,802.524068764235,181.38348306097987,197.37431561535738,212.0950884639056,153.40023494391173,380.6824369294071
2024-05-30,772.2961366054603,175.2552402820372,193.1216800980648,208.94897222311863,154.20635956542822,374.81605072387987
2024-05-31,766.2366943427187,175.44965292299864,193.5592509785622,205.59310541695015,154.98025012047452,374.63946682274167
2024-06-03,803.7471636675969,174.76918247846902,194.31106035021736,207.8070344582468,156.41518718339768,383.19434600807165
2024-06-04,813.7905045359952,175.84691497990664,195.00673102924594,208.9722640126117,156.67314656599248,382.79310197387116
2024-06-05,855.7461637402412,179.20266843140246,196.82451916993847,211.2328121928784,157.89848775328807,397.29457668390364
2024-06-06,845.6678895123003,179.4182123115735,198.30566516275428,215.56746755751539,156.77792589291343,396.2513125792337
2024-06-07,844.8990885277565,179.13503012511646,195.75855767434498,214.7518104254583,158.72074181530152,395.60929250876427
2024-06-10,851.2032245520624,180.8340446403651,196.60103535295303,217.96783759470847,155.68159541507006,403.34559240227713
2024-06-11,845.1223094903362,182.8669274948929,198.40968584183037,218.16592448535147,166.99173279323696,407.2538346687259
2024-06-12,875.1080049739976,186.40863061120046,199.72402218704772,217.76975070406544,171.76407442570508,408.3532946563996
2024-06-13,905.9325818209787,186.62841908002866,196.76960689182775,214.20415111250742,172.70726206966032,404.54937386445965
2024-06-14,921.7991641632873,187.04682547672854,198.60062649053626,214.00606422186442,171.29651916748264,404.99923708597566
2024-06-17,915.5083818696932,189.49810162737398,199.10618564616541,214.47214893161362,174.66617021075967,406.98341820404795
2024-06-18,947.660853698663,188.64017069534682,196.6909263549311,213.01561198865744,172.7475484491171,401.2477114893001
2024-06-20,914.1104065089289,188.36968297311427,198.0502082011375,216.8492271793136,169.0312633222975,403.023076899821
2024-06-21,884.6838584376349,190.09402091390055,201.79106612300228,220.32160627292342,167.26582161632874,397.4641268447449
2024-06-24,825.5510283440947,189.20227737902152,201.3304179214744,216.23165693789957,167.78980510176683,400.7817817241586
2024-06-25,881.3287603037386,190.5885285930361,206.73384481728024,217.12887089316632,168.53952631059147,410.1725654142475
2024-06-26,883.4956968938154,191.09992292272418,206.56537691906883,225.60009473179727,171.9091773538685,412.19690055148845
2024-06-27,866.6504997500182,191.39152878358408,208.2841191325242,230.54067444310178,172.59439320796704,417.3702535595508
2024-06-28,863.5051086032212,188.89797705393713,204.62192447411215,225.18061138102618,169.78902443684677,405.0474367168524
2024-07-01,868.8172760953264,193.03136796869643,205.56557271355524,229.78326456476935,174.73065075096193,405.4169178606595
2024-07-02,857.4240867116492,194.10908736955176,208.09316121037438,233.0459108729896,177.56826599581427,409.2889055148411
2024-07-03,896.6362486486025,194.7388192589302,208.74469824027653,230.237703379772,178.60014074797922,409.6584113384387
2024-07-05,879.5115312135443,197.6085149068578,214.1144419205064,233.0459108729896,182.46152880296228,433.71775192034994
2024-07-08,896.0769409914665,197.05063971125793,212.35071965917422,232.21859006619403,183.65462351652573,425.2106774892484
2024-07-09,918.304332591222,194.2189750536747,212.29456369310378,232.27685509991068,184.34790409087276,425.75684125335573
2024-07-10,942.9777537529326,197.05488429991505,214.76594440352076,232.80120484337647,187.814306962608,429.52440871386636
2024-07-11,890.4853066230231,192.17342393608698,208.46388386303641,227.27802813488148,183.45310476840854,411.8595278151419
2024-07-12,903.3462312567035,191.6873792331011,207.9021860147807,226.62550242923584,185.8473216939982,400.74964863690735
2024-07-15,897.7545434733374,191.86063443368835,209.54228223822722,224.56304113961215,188.95901335468045,398.57269367511884
2024-07-16,883.2160163577861,189.9841332297776,206.61032242005786,224.91261356192004,189.29760753249835,393.45558590964123
2024-07-17,824.7123072255433,187.4483190217114,203.35251635643993,218.98158161740855,184.50914886679516,371.1234111073742
2024-07-18,846.380391168163,186.1170116497583,199.6117102549068,214.1109306145592,180.72028125773903,382.2573777611518
2024-07-19,824.2930534961137,184.7392103113111,199.57800976588697,213.38849398045036,180.82507299192187,383.01248063176314
2024-07-22,863.5051086032212,187.2032071273456,204.08269937635092,212.71265870531968,180.54294426310543,391.5356462862808
2024-07-23,856.8649392992818,188.0104257053861,204.2175013324303,217.21044549636807,181.38936767134058,392.57190133044435
2024-07-24,798.5709905690612,181.2693507881998,193.92743443497312,210.70846244941256,176.17365253413362,370.5450402166441
2024-07-25,784.8013178529765,176.83164644777384,187.91741601025421,209.5665424645327,175.32721671863655,364.2310119707473
2024-07-26,790.2531653683279,179.73518089971785,187.6028665971065,212.654393671603,175.7060972759112,374.1037426100223
2024-07-29,779.9783776392313,180.35224452603634,190.44498723362946,213.4700508036601,175.9318101847739,374.11176354193987
2024-07-30,725.0395270429071,178.741986455701,191.2987444710945,211.7338701468512,176.38324840976122,372.087428404699
2024-07-31,817.932351068512,176.8105283091465,192.70297181828994,217.8746170967602,179.02737240495915,381.4379840362477
2024-08-01,763.342994312379,176.2864395152339,191.8267418303304,214.48381260635213,176.0285620132321,399.8419012619579
2024-08-02,749.7829217535478,172.64332479153535,187.22091620591914,195.642035065878,177.23776135276873,392.1301330802174
2024-08-05,702.1133614224608,167.00531890190658,178.89677450391318,187.62526782224168,168.70075867925195,382.16092913981737
2024-08-06,728.6741988829872,168.890283081967,177.81827248805908,188.68561320391987,167.05621333343922,396.9098681093485
2024-08-07,691.3492930000812,168.39158321650342,178.54850732830175,189.66441954238033,169.14413218399076,392.75670360182414
2024-08-08,733.7067392539859,170.19200933914308,182.0197267911201,193.19506366970677,171.9575532680976,409.39335038830257
2024-08-09,732.1690304550524,171.5994048929496,183.8620604955734,194.52342465048312,174.31954853447905,415.9323596045384
2024-08-12,762.014939085622,171.93326013164645,182.3117689068855,194.36029322407174,175.56243359013058,414.47032881440197
2024-08-13,811.7814624578557,174.976289583655,184.41247878497214,198.35702206114735,178.58087227021628,424.5840082484796
2024-08-14,825.341481601764,176.1807833191858,180.1549203361723,198.20555430947445,178.944082455685,423.15420926475633
2024-08-15,858.7521419384062,178.26392000732062,181.19965276923102,206.93311229247306,181.36528517595235,431.64519247244175
2024-08-16,870.7743988684582,177.18000403104918,183.06445922417882,206.315542051059,182.43868703376612,423.68433116502865
2024-08-19,908.6584521637317,178.4756254168851,187.23216121788835,207.66721260132041,182.30956465895662,425.17839632325416
2024-08-20,889.4368785173727,179.8601342534571,187.8050695312255,208.43626837439933,182.8099371249595,423.12997371047015
2024-08-21,898.1739574475359,179.58071193411297,186.31098572893976,209.86949574787047,182.72116316591635,429.90191078959106
2024-08-22,864.9029771341399,175.9436889811723,184.00807291673414,205.23188709989574,181.2119438258735,427.30727505311864
2024-08-23,904.254925924185,176.46869481584412,186.05260955530642,206.2922324815739,183.07625900208888,424.1501868907987
2024-08-26,883.9149506232452,175.07149151504763,186.6592356311073,204.49778679104838,183.35067041399063,418.62349332192633
2024-08-27,896.7760889166173,175.21967220116048,184.99664938372237,201.72453476206238,184.03669274011403,417.0006983763721
2024-08-28,877.973768999688,173.84787092939527,182.94090228006868,199.0212114415315,182.79378286993864,415.1370286753869
2024-08-29,821.9165167487832,174.91482165162054,181.73886059354837,200.5593052076974,185.4571257138518,416.29377045684697
2024-08-30,834.3581342381109,176.61691480370382,183.53630061734424,207.9934754541432,184.81955374552905,418.776063786893
2024-09-03,754.8854356734768,173.35673009990438,176.77359187533204,205.37170895682212,179.7914860376119,411.1044249445306
2024-09-04,742.3738980501416,173.1280856374583,175.75131491932393,201.96924079167547,178.2419306890646,411.8916855821836
2024-09-05,749.3636680241179,172.91216184040124,176.63875537236493,207.28268471478094,179.47672620994376,415.20129484988917
2024-09-06,718.7488515791588,170.07960634322333,169.539093560486,199.70869261140876,178.21771171379524,401.8743066906974
2024-09-09,744.1912339701817,171.78167329414208,167.27810339658956,204.38125672361508,178.29033141781753,405.50532087028597
2024-09-10,755.5843699389361,175.37211057651274,167.22186106329966,209.2169700422248,177.64468232198433,405.50532087028597
2024-09-11,817.1634966690455,179.1149600330711,170.03402954812586,215.00816234981795,179.70269967130682,411.1606208275344
2024-09-12,832.8217073973258,180.7916118543763,174.00476246121357,217.8979266662453,179.7914860376119,422.22225101531114
2024-09-13,832.5420802762192,182.31162001341892,177.12064990987147,217.30366599431625,179.57358970375924,421.4350644170297
2024-09-16,816.3246687206484,182.62915192660108,177.7955406359063,215.43929159533553,174.58587041160843,428.80040237930456
2024-09-17,808.0062559557639,184.24231832620148,179.21289580045442,217.75810480931895,174.96519763031225,431.24488627028086
2024-09-18,792.4878320805753,182.40476515339438,179.7640741213841,217.23373728586114,178.11278349973125,432.5555312253954
2024-09-19,823.9440938051508,185.74116904486993,182.38499103551447,221.24212979767526,184.71463793872698,449.5618319142145
2024-09-20,810.8722336411457,184.29312238426405,184.01603597436517,223.25798972832084,184.17389224243394,451.3710086377416
2024-09-23,812.6897298059542,183.54796126446033,182.05878204774433,225.91471168987357,182.77766583670356,453.83138631380984
2024-09-24,844.9148993449194,181.71040809165325,182.55371803538415,226.0079321878218,183.50401176406945,452.96310192389456
2024-09-25,863.3692744544201,182.95518611767977,181.6538407027459,224.3416446794841,182.696944190647,456.96734857544857
2024-09-26,867.0740800881987,182.61645746237662,183.04865402302394,222.7452858796015,183.62508182589238,456.5895009826567
2024-09-27,848.619758393621,181.22351185081948,184.4209945928075,219.02820075637862,183.8429905670069,456.20350905899477
2024-09-30,848.8993320998046,182.18882825575506,186.55822053126724,217.1172249984198,188.0478488537427,460.28826118721025
2024-10-01,817.8625377643505,178.11998390986486,187.84060100529715,215.71895308918027,182.5678094085756,463.52866832231047
2024-10-02,830.7945576603408,176.6126702150467,186.5694828166803,215.2878060636707,183.02787068059786,460.58580074166474
2024-10-03,858.7556673233141,176.36285521164416,186.5694828166803,212.02517753544242,182.1319795190846,468.5944421235158
2024-10-04,873.2255028480838,176.15962587881162,187.91931608908158,217.32695778380932,183.04398771383293,479.18409599747474
2024-10-07,892.7983330270879,173.39907118181728,183.3298484160295,210.673506985181,178.91985107315372,470.2105735256309
2024-10-08,928.937961772008,175.58803437356977,184.9046855684781,212.91074559596268,182.21271357240306,476.7316158543714
2024-10-09,927.2604127050599,176.7523879250099,182.0700270597135,215.76555444815838,185.25537122775813,474.81794489780185
2024-10-10,942.3595294358958,176.06648073883616,182.3174864168115,217.49008921022076,184.85182503378496,469.446734009177
2024-10-11,942.2896627168111,176.2697100716687,183.62233964133594,220.01865298958566,183.6493008011617,474.3676867996377
2024-10-14,965.1478311404727,177.46369714021495,185.5571035440184,218.52714280240585,186.67581660875786,474.74558375201053
2024-10-15,919.9207749864327,177.29433281256334,186.1195096034734,218.70193790355583,188.73384636534226,471.4086786359949
2024-10-16,948.7203921082656,176.1850279078429,185.78205560373405,217.76975070406544,187.0631961404482,463.78602917780574
2024-10-17,957.1787519710107,176.439061298738,183.2736060827396,218.51549690765935,187.36182652761931,463.8985690225563
2024-10-18,964.6583367874983,177.0487754984002,183.82480167711321,220.21673988022866,189.6619715933257,463.52866832231047
2024-10-21,1004.5728515449733,177.31128496602724,184.55598655676957,220.3099603781769,190.85645592022428,462.47538422269116
2024-10-22,1003.7340235965763,181.0075618525979,185.75958285323955,221.04404290703226,190.35608345422142,467.98332115077176
2024-10-23,975.5633137763496,179.77546519021357,183.10487908286996,215.22955880994604,186.23998671926685,453.252497147479
2024-10-24,981.5049761342126,179.83051383693325,183.03740901105473,217.17549003213645,186.08667018371185,456.5412766719895
2024-10-25,989.4039749248985,181.27852119579234,185.90580255572692,218.86506932996724,186.7646029750629,460.9395114993324
2024-10-28,982.273937363525,180.61801603864987,187.53684749457764,219.51759503561289,188.37068580892122,464.8875869476733
2024-10-29,987.3767717729909,182.8874430067356,190.86642471753817,222.36075799306207,188.58858214277382,477.04534535140414
2024-10-30,974.0251776580333,183.13301342148102,196.2432850566487,224.5746870343587,185.70734296500802,475.8552364931671
2024-10-31,928.0292671045266,172.0484404510085,192.47497963245047,217.19878182162952,182.32569409945364,456.3804631569907
2024-11-01,946.48369562895,173.7504812007627,192.67745894167163,230.63387716105802,179.90447897192433,456.04264618441493
2024-11-04,951.0272757962027,172.94178225692508,190.37150600334223,228.12864073117018,179.1781082300346,450.8322488107889
2024-11-05,978.0097172427643,174.21197541256518,190.93391206279728,232.46329609580712,180.3402840468915,460.2802155755022
2024-11-06,1017.8544721110004,177.90403391164324,198.5492379949781,241.30738414623903,179.75113762184552,459.9746304093396
2024-11-07,1040.7128541943534,180.12687520915898,203.31864313298124,244.75647145035575,183.59279813037452,475.7748297356677
2024-11-08,1031.9746001358876,178.9032677240889,200.61895931473487,242.5774800932987,183.3746536512835,473.8772500025142
2024-11-11,1015.4078549848944,176.98525077494858,202.8687044666621,241.01607675764777,181.1689278487942,468.9159704343513
2024-11-12,1036.5882606819164,179.11071544441398,204.2972700962917,243.42811046957937,181.1689278487942,470.2428053320441
2024-11-13,1022.4680258271835,180.02949858110867,201.2151522304291,249.47565470153216,181.88801552793643,466.36704166991365
2024-11-14,1025.89309751001,180.74505238497082,197.50310641296468,246.42274117870144,184.39268189914483,464.08356873226023
2024-11-15,992.4796061824568,175.71082613123363,194.0273094875168,236.0871607210818,181.79104036876367,445.5252547370852
2024-11-18,979.6873731395582,176.03262883423747,197.18815971060764,235.02679755941162,184.23108971988867,445.78261559258056
2024-11-19,1027.6406201258883,176.89211873555536,200.36027221911158,238.4176198298117,184.44115707146932,451.16197081207554
2024-11-20,1019.8117017139781,175.91828695214102,197.9530623527277,236.4017776791581,185.02288395388666,454.72400497717337
2024-11-21,1025.2641902084038,175.15888549940433,188.56047177920877,231.15824468451584,184.63507016802907,452.77005660248255
2024-11-22,992.2698991953575,176.911009775196,185.33211693741492,229.69004406682112,185.72580497074617,449.5940143610467
2024-11-25,950.8175688091036,177.6704243285149,188.58294452970327,234.73549017082038,188.1496752523265,454.3943323354677
2024-11-26,957.1088852519262,181.57350700687917,190.2364967659363,242.2046158814978,189.91912450389563,461.1727355197036
2024-11-27,946.0641748249058,179.4522738254886,190.36024371792914,239.73433491584154,189.8140846244744,457.6829637812351
2024-11-29,966.4059662332224,179.65166468771454,190.0452797421282,242.23957134572936,191.7532031828101,461.7999477158638
2024-12-02,969.0623971762735,182.84202328798807,192.9024455482751,245.5255272234347,193.5791923269522,476.6834409032852
2024-12-03,980.4564411987163,182.93533873553312,192.73371854840542,248.70659892845325,196.05152537359507,493.42443384406306
2024-12-04,1014.5690270364973,185.5741628220279,196.14201085515035,254.20648384745513,196.3424260365895,493.52887871752455
2024-12-05,1014.0796395133688,187.78024847481382,194.19601921394255,256.9913817711877,196.36664501185885,489.6291262990131
2024-12-06,995.7638761286572,188.18327478792287,196.52449672309814,264.5420643050748,196.20505283260272,501.56175565366186
2024-12-09,970.3871940927369,189.22267498562374,197.492984174848,263.44674567917303,199.36418986286998,493.3600689503987
2024-12-10,944.2419781468867,188.08144396189905,208.52924657469768,262.2232510910914,200.18828019964775,497.9835809055669
2024-12-11,973.8826666438763,190.4827020894184,220.04976997386615,268.3057507872758,199.15411010402744,508.7261507615597
2024-12-12,960.1109107458004,190.72449953646864,216.17582016686666,266.8026124853415,200.3418076586554,507.2064186211981
2024-12-13,938.5094886268947,189.75297345553471,213.76582927601726,265.04312225904755,200.4791932699041,498.81183467526614
2024-12-16,922.7801826363042,191.58571871464684,221.4687142952517,271.4169115638312,202.83033218210485,502.34454924923153
2024-12-17,911.5251242431106,192.80332613303497,220.07229454469234,269.342804379461,204.8017716577442,498.4818165164932
2024-12-18,901.1787605173984,185.5614421566388,212.1667229349101,256.9564263069561,200.41453902803497,480.57652977835755
2024-12-19,913.5523273950182,185.40870246789424,212.2905735275663,260.18409937095277,201.8203810617539,479.2729432433305
2024-12-20,941.6553070930744,185.22627685971443,215.55641174259083,262.08342923416507,205.6177972742734,470.96809501571266
2024-12-23,976.3992573189128,184.65351940265015,219.18264309083403,262.2465606605765,206.2480117362772,482.7171560885074
2024-12-24,980.2443839550118,186.38444693632076,220.8493576913075,266.8958329832897,208.61532971802265,489.07452204654936
2024-12-26,978.2169671434126,185.86688223238116,220.27501568212787,264.56537387455984,209.27780306102042,485.5336631417139
2024-12-27,957.8040270578633,182.65108230132952,217.07671663269412,260.7201127891571,206.50654185292035,482.68502300125624
2024-12-30,961.1595525111424,180.23288512092853,215.36498743745608,257.86530393696137,203.76756434033814,475.78835426087016
2024-12-31,938.789169162924,178.8201576301361,213.18027680175624,255.63971122092627,202.32941379657748,471.17737963928386
2025-01-02,966.8919352012887,177.5813403690447,213.32663469179468,256.6068538846482,197.02110326365582,482.22627505515476
2025-01-03,1009.9550460009315,179.60500041365088,215.98436131484416,261.23281663787645,196.62519994302585,486.56374823824854
2025-01-06,1044.629236337531,181.51412206742648,221.70520501548262,265.21789958020554,197.95024588711675,507.1407210188459
2025-01-07,979.6850228829529,179.18922723398825,220.15113054258393,258.8091370311983,195.696044912303,497.23449990384137
2025-01-08,979.4754227256994,180.1183205289334,218.41684222963192,258.83244660068334,196.09193582567102,491.46456231964856
2025-01-10,950.1143079348935,177.73831154586412,216.26590117672743,255.11536147746043,191.36537698969056,495.60079649087936
2025-01-13,931.3790237461382,176.9916438590988,215.10597214639898,254.55605626976302,189.3858603865408,489.541315604359
2025-01-14,921.1024199096647,176.3467807971927,213.5856499828518,253.74038135771397,188.48096155287305,478.2106756999636
2025-01-15,952.4211916228309,180.8607567276239,220.21868698161856,260.25402807940793,192.18949214099214,496.61483972357894
2025-01-16,933.7557741531598,180.12680970624763,217.24565091389044,257.1195577333675,184.42497800192461,491.93130651787715
2025-01-17,962.6974749697672,182.01470841673765,220.72545527831969,263.27196835801504,185.81467818788465,493.11430759644566
2025-01-21,984.508710905618,181.78986312315132,223.03408560045125,268.83011831073367,179.88425513499348,496.083730631686
2025-01-22,1028.1311827773197,189.29906448086945,223.39440963989446,273.84059117050936,180.84574349028188,501.7490752636743
2025-01-23,1029.1798245426614,189.51540749655928,222.95523232911577,274.318339554997,180.70839510081893,512.1702648875746
2025-01-24,997.0220112214071,188.39116792804532,225.466566515239,273.6541679546048,179.99735973466326,521.0544958773335
2025-01-27,827.8457868445455,184.36079999229688,216.00688588567033,274.318339554997,185.71774025049766,531.0250818860025
2025-01-28,901.7381215894571,189.72330063668176,219.9371471197353,277.49941126001556,192.5045869647321,542.6535081427576
2025-01-29,864.7569941499977,187.65719470550448,220.06103225927922,276.24097898769435,193.39336876516478,544.391656429181
2025-01-30,871.3982851673169,176.058279774332,226.20980825872715,273.4094619249917,191.96327053439072,552.8494206388327
2025-01-31,839.3805257737686,176.08799189493175,229.75720360907883,276.9517519470647,190.67859782059,554.6036601486722
2025-02-03,815.54208668601,174.33162303048303,226.6152159867105,276.64879866372695,184.22300018511635,561.266858070782
2025-02-04,829.4536294371776,174.94676087120706,232.41493023212828,282.0554630847806,188.09314776701544,566.6826406610778
2025-02-05,872.6565270899123,175.33706651892703,215.46634800617386,275.1922617207708,187.82650330107612,567.2299396955489
2025-02-06,899.5707576799977,176.4104103253025,215.77039516543942,278.29177660257955,188.43247397328668,572.9595505020394
2025-02-07,907.6802112667028,173.83524196808213,208.72068815327626,267.01234527073103,183.9159824888868,574.9954851408226
2025-02-10,933.7557741531598,174.88313134309723,209.99324003773557,271.6616175934443,184.13436270595435,577.3131642681304
2025-02-11,928.3729387181273,174.55222373541227,208.69819812933784,271.2188246731882,188.15435279007062,579.244505954709
2025-02-12,916.7682262399741,173.5340071792501,206.7724855112512,266.7559933463714,191.59195840688773,583.7348951198368
2025-02-13,945.7799006055116,174.17038106384194,209.62161916599152,268.4339267494556,195.36119772758516,586.2939425983858
2025-02-14,970.6669814586119,173.2752313775714,208.5968030137323,266.46468595778015,197.8443747211468,592.8203157618777
2025-02-18,974.5118944350196,173.78857769401847,206.95261298408502,264.0992713848187,197.7392107691063,576.4842688238778
2025-02-19,973.3235192315088,175.96496432678694,208.64186942882853,264.0759795953256,198.0627425309524,566.34472496934
2025-02-20,979.4754227256994,176.8959441055797,207.84229898483107,259.70636876645705,198.83922620374014,559.1584635670454
2025-02-21,939.76773054949,173.52914686322606,202.32415914818432,252.36541901795948,198.61275645190025,550.0730429250043
2025-02-24,910.7562698436438,171.73948941921645,201.86243999313552,247.85598633216455,199.86648545447056,537.664093613407
2025-02-25,885.2399077844773,169.14637326427928,197.54927832846957,247.96085272485934,199.8179482458365,529.109930142002
2025-02-26,917.7470012862314,169.92431204093512,194.519930833676,249.7669620901234,194.41483382457818,542.1464865264078
2025-02-27,839.9398868458273,166.86362300401984,189.75632957281823,243.23002357893637,191.93977118031276,529.7053054083972
2025-02-28,873.2857014661328,168.7595392708622,191.7608609153526,247.35492837819183,195.61193608374208,537.7204128953633
2025-03-03,797.3660567394677,165.14621527125706,188.0783699603756,238.8953682142994,192.5302079605985,527.1382123181401
2025-03-04,810.8581855164368,165.19722893863602,192.4815953614585,237.47378673557483,190.83162898912082,515.0270493589023
2025-03-05,820.0161206237153,170.4726893143856,194.8465371106555,242.78723065868024,190.67795264297013,528.2810346977493
2025-03-06,772.968309994573,168.71704098196201,194.0919812614226,233.8615680050467,190.3463437536136,505.31402164405284
2025-03-07,787.7887610729135,167.19519874140084,195.7924999915792,232.17198870721592,193.37143272608884,503.4872235500978
2025-03-10,747.8715221543733,161.60516718406325,187.00967926064826,226.68374968296052,183.99686542934833,481.22037615332516
2025-03-11,760.3150625809236,161.7284436632713,184.9464354823484,229.0724738254071,178.62612155444134,487.4329211006224
2025-03-12,809.1850164731621,162.9272124443479,188.40770544148893,231.75250535644483,175.50395816469796,498.5783638569897
2025-03-13,808.0663477439673,161.014265420548,183.5033083395237,225.92635758462006,169.59936703112587,475.3056175583876
2025-03-14,850.6439703098494,165.17596669360364,186.58126330540995,230.65718673054306,172.68108274700748,489.38879449897337
2025-03-17,835.6823970053458,165.2354826388791,185.22832081310935,228.082039372192,173.09358698408744,487.21411007791227
2025-03-18,807.0175991487797,163.0334712671807,181.14695149193759,224.67957120704543,172.03400681605342,469.05936001724626
2025-03-19,821.6295717832465,164.86142171318016,184.77732846671324,227.84897923732547,174.0965652232389,470.4286935142066
2025-03-20,828.6909177538383,164.44479699566966,183.54842657495158,227.1614980674482,173.1744947390728,471.991171051741
2025-03-21,822.8880807804561,166.32374800846586,184.8900895083952,228.6296986851429,176.54737167044922,480.247005215395
2025-03-24,848.8262604853494,167.09740289471776,189.05034664779026,236.8445528194222,178.53713667194555,498.4500783058904
2025-03-25,843.7924915711252,167.98163979595319,192.29740862931163,239.69937945160993,180.97985358438353,504.45876818352974
2025-03-26,795.3420050680079,165.77537073501537,186.0964495558868,234.36262595901943,179.18422501016155,492.1112221907349
2025-03-27,779.0520026322873,166.03465745940278,182.91706492750723,234.63062377812562,181.06074893210697,485.34555377840496
2025-03-28,766.7471273454493,161.0270253876839,173.99894131062428,224.56304113961215,176.24808369839633,464.5328396388039
2025-03-31,757.7282312823427,159.57745905953408,174.34845217419544,221.6965686126779,179.66952265293068,464.22671151724995
2025-04-01,770.103080118111,162.46811563910174,177.08817583536748,223.922161328713,180.52690167344184,471.991171051741
2025-04-02,771.9907100766184,162.4468533940694,177.0543026119088,228.39663855027635,181.09310707119636,470.32390312367795
2025-04-03,711.7248960545601,158.60821247991598,169.92885154830947,207.88860906144845,164.34992895601823,428.1910583514776
2025-04-04,659.3592025365679,152.9671672551994,164.1563429770107,199.25425379640612,152.37090368044056,406.53266651007345
2025-04-07,682.6404705641044,152.125467944611,165.4529049484703,204.2181252972037,146.77367764643174,415.81132991185063
2025-04-08,673.2721340757295,150.72265759460078,163.1416145159804,198.8580800151201,139.4616563496148,411.13979108433927
2025-04-09,799.3270788019673,165.99640375915968,178.93717708916043,222.67537495113837,160.8395423407739,471.8059739037129
2025-04-10,752.0651811620523,162.11101996744898,172.29648795475256,211.16290126441527,154.02093303602226,440.0069522969882
2025-04-11,775.5563164214566,165.12922381604633,177.16704638014687,215.4159820258505,160.2733369430194,437.81612729292993
2025-04-14,774.0181803031404,164.85715092335852,179.34306847357254,212.2116007513469,163.8080045698427,428.078321068403
2025-04-15,784.4353722165483,163.97295332386992,176.23127483111537,209.26357140120297,163.5006394702794,420.05610580176835
2025-04-16,730.5317028250084,157.97056783884344,172.87150362824372,203.13447034604044,157.13499448373136,404.58343197537107
2025-04-17,709.5574253152549,156.34244057428498,170.42494485668956,201.13027409013338,159.32697304001243,403.91497984925957
2025-04-21,677.5368883457185,152.66109835150786,166.49012343343898,194.96621757073927,156.23719260388228,390.36732968306893
2025-04-22,691.3797929210272,155.9343574364178,170.77445572026073,201.79444569052555,161.55941167741713,402.94839585372114
2025-04-23,718.0869872701555,159.15234516470935,175.1489381107188,210.44046463030642,165.49042928629956,419.0493677870613
2025-04-24,744.0949268642877,164.64034938728904,179.57980102201785,217.36191324804093,168.53976204856798,429.4234190110771
2025-04-25,776.1157309084383,166.57454555553903,182.60137546706312,220.21673988022866,169.27582286201786,440.796310716835
2025-04-28,760.1752223129089,166.2812235184011,181.07930868568351,218.71358379830235,169.97141118708214,442.78574863028706
2025-04-29,762.2027459543538,167.50552533433176,180.57195309189032,218.35236548124794,170.83690455688952,446.571381697455
2025-04-30,761.5035446142801,168.0241249842711,179.03862402509762,214.89163228238465,171.88030565537886,442.1897316893385
2025-05-01,780.3104582145742,180.8365730527442,181.85723550449296,221.6266576842147,172.54357306313958,460.8841300494158
2025-05-02,800.5156676651696,185.03655422720746,184.9351731969353,221.37030575985506,166.09704513613,480.8672083510488
2025-05-05,795.7615258720521,185.41488594272806,185.13811888914137,217.14053456790487,160.87188807260134,482.6794947281808
2025-05-06,793.8039757795374,184.19909950527617,184.03322305103086,215.5791134522619,160.56452297303804,473.04638017502043
2025-05-07,818.4136729382908,184.21610406106913,170.67299151087965,219.8904770274058,158.73652385246476,480.6980530668557
2025-05-08,820.5809834328276,186.26507443063068,173.94256078978333,223.81729493601824,159.73951449887812,481.6646123826036
2025-05-09,815.5471611036805,186.5031513123148,172.2175655896415,224.95921492089815,160.58071444984463,477.2185974808227
2025-05-12,859.9426003239081,190.97941066637617,178.65530903184336,243.1134935115031,170.72076017804918,515.0261608864438
2025-05-13,908.3930868270254,190.92841009957948,179.86166907933494,246.29456521652165,172.4539554102858,528.3965854769428
2025-05-14,946.2165141848668,192.5437642964198,186.44596041945795,244.9895138052303,171.96802499715872,531.0787357505831
2025-05-15,942.6508544251059,192.97816650407754,184.8562508318243,239.07014553545736,171.25530224338183,518.6104562225865
2025-05-16,946.6359281590653,193.46367408319014,187.37046968307635,239.5595398146916,171.10141497377847,515.7591506647533
2025-05-19,947.8245170222676,195.4227089554336,187.76508150863148,240.22372919507578,169.0928529704722,515.8316105297066
2025-05-20,939.504715469389,195.124592105183,184.87880994953824,237.7884036936511,167.53782601941788,513.1495096156474
2025-05-21,921.466923343176,192.7396704037606,190.0425159911066,234.35096228428088,163.67455206062286,511.8607309549295
2025-05-22,928.6680027519369,193.71493015064294,192.64690221943889,236.65812960351772,163.0833212155742,512.7225985993109
2025-05-23,917.9013704132606,191.72183376448442,189.9410345082816,234.199494532608,158.15097553337577,505.0627813766054
2025-05-27,947.3350226692933,196.19779180515346,194.93563353421484,240.06059776866434,162.15192047044366,517.3539093682818
2025-05-28,942.5110141570912,194.77964067329918,194.32681373104057,238.5457957919915,162.32201162411556,518.3687917138591
2025-05-29,973.1334689360175,195.34178665872074,193.76309488985027,239.6877157768714,161.9413444211243,519.5527799840482
2025-05-30,944.7483516154809,196.05726185908924,193.6277920038983,238.88370453956088,162.67027105896975,521.5180810623762
2025-06-02,960.478832734374,196.74293323478202,190.57239615572595,240.79468029751973,163.35870039390574,540.3735397353573
2025-06-03,987.3258139365943,197.1688069633787,187.3591728507755,239.69937945160993,164.6302462245943,537.1115131037656
2025-06-04,992.2199028275724,197.55209069899925,189.46753486450322,241.4705155726504,164.2658077201954,554.1064610889476
2025-06-05,978.7265455073778,199.17468951783766,189.64790416555144,242.26288091521445,162.4920779632636,551.4242120961453
2025-06-06,990.8216069772708,200.32455382528158,195.81504183584926,248.85808446011808,165.15668634789267,561.9675666830973
2025-06-09,997.1838584376349,201.33390128724358,198.7725318040808,252.83150372770868,163.15620147209683,559.0276606773134
2025-06-10,1006.4823282069252,200.554547647702,201.6058775311101,253.565604036556,164.14430340420526,565.7451047789762
2025-06-11,998.6514868577924,201.2785382265493,200.19484444702394,248.4269374346085,160.9937646064491,559.0921242901399
2025-06-12,1013.8237820329292,203.94027523144308,198.33231808666898,248.47355657357863,161.3339096920071,558.4638755427779
2025-06-13,992.6383553331596,202.27508641962854,197.16962530531893,247.14519559280225,159.10666969734717,550.0147492598069
2025-06-16,1011.656311293624,204.05525904207101,199.54014637689085,251.80611381026208,160.70216913678706,565.9546855600336
2025-06-17,1007.6708102402816,203.58679532049823,198.6145143394199,250.3146214030743,158.4506357232863,562.0129774976457
2025-06-18,1017.1799484652825,204.52372276364383,195.64574481233137,247.6345898720365,159.21195772200687,560.836195726287
2025-06-20,1005.7831268668515,203.31422460568396,188.1052647125047,244.33698809958466,162.79176296769796,550.0187473858703
2025-06-23,1008.0204643252413,206.97678059347865,186.4684849902841,242.9154066208601,163.19671118226813,563.0609801220946
2025-06-24,1034.1001935756804,208.72712319008087,188.2520198917525,247.92589726062775,162.22482554149013,574.0798649126987
2025-06-25,1078.9183050804002,209.64703297685122,192.6656611794981,247.01701963062246,163.2453104272118,571.2424787567161
2025-06-26,1083.8825811799998,211.85307932789033,195.8940505681797,252.9946351541201,162.79176296769796,585.2760986779468
2025-06-27,1102.9702970297028,211.21001104575595,201.52685152533576,260.1957630456913,162.85655368944822,591.3537932498675
2025-06-30,1104.6483802458797,211.8360616715151,198.93058381562946,255.63971122092627,166.1690692915801,594.948947693837
2025-07-01,1071.8565317904256,209.55333761242022,198.49033555132988,256.8865153784929,168.31533949494505,579.7383979225046
2025-07-02,1099.4745039890263,209.1445077413633,201.65101303998188,256.2572814623403,172.0571215450118,575.1841374595228
2025-07-03,1114.0874380921043,212.44505533915213,202.65565380978327,260.3239390078711,172.95611452200527,579.5691932787305
2025-07-07,1106.3963301811407,211.96807623910055,199.56270549460478,260.3938499363343,170.04044519240932,579.037146354798
2025-07-08,1118.7021669365902,211.49959941694547,196.81969987909454,255.6047557566947,170.08901962282917,580.9071340821552
2025-07-09,1138.8387382113265,214.43392023723584,199.37081480648519,259.31017720517906,171.00422889115308,590.668682265158
2025-07-10,1147.368994560224,213.56937351115977,200.4996170909327,258.98391435235624,172.03282812617093,586.2030222501269
2025-07-11,1153.1022318891364,214.3529848399407,203.4006747179916,262.19995930159837,171.02043277522162,578.3600809817966
2025-07-14,1147.1591807432792,214.2252279615946,204.94713160213695,262.98066096942387,168.9632467124478,581.1087186110856
2025-07-15,1193.5153215364696,215.41768226201467,205.44381220760917,263.74971674250276,169.36011779950758,572.6208944165861
2025-07-16,1198.1999171000398,215.33250227606243,206.53875854204188,260.06758708351146,170.2105239388193,566.5914241553327
2025-07-17,1209.5967386984705,217.92184546330438,207.22734710907758,260.871598320822,170.09714637938725,565.3823612179798
2025-07-18,1205.4715042069595,217.21914333065405,208.89796550786906,263.49336481814316,171.03662425202822,567.695795421319
2025-07-21,1198.2699974788156,217.2234010198934,214.58719880619776,267.18714037188096,172.08951690588694,574.7004629250006
2025-07-22,1167.8551130900746,215.1834438509371,215.98691778453917,265.0547681537941,173.64451904241744,568.1229532355607
2025-07-23,1194.0746826085285,215.43898380879386,214.73393671200168,266.01024714277753,173.44206974965618,575.1922324308119
2025-07-24,1214.7708286150153,217.5726232415989,216.92384665431098,270.6012544317741,173.12619326841522,576.1756233636913
2025-07-25,1213.092638568993,218.77788991148398,218.06391122417156,269.6807309070223,173.22339175830257,574.4666959492381
2025-07-28,1235.8163082169244,218.2625523065311,217.3866540363245,271.25378013741977,173.36107514383738,578.4567764010362
2025-07-29,1227.1462116000118,218.29235613120676,220.96496885123048,269.17967295304953,171.10951691581275,564.2458075051613
2025-07-30,1253.4359683270873,218.5776999137392,221.84544810638576,268.2241939640661,169.31151855456392,560.3848023577591
2025-07-31,1243.6472563959028,227.2059661099727,216.6190394635145,272.79189168357766,168.11286538765992,623.4432959909593
2025-08-01,1214.6308815171546,223.20698716935522,213.49225247176506,250.23304679987257,163.90944634330694,604.5571850181578
2025-08-04,1258.5398710350103,228.1173998200111,220.1635328752934,246.62082806934444,164.69503694634454,625.8050532241277
2025-08-05,1246.3739813774214,224.75717906995953,219.74587827559554,249.06781724550763,164.34677751149036,615.3987701936987
2025-08-06,1254.4845032625835,223.56049328146463,221.34876750091354,259.04217938607286,172.7131555190727,622.2745104717276
2025-08-07,1263.923667938654,221.81439527351952,221.83418582097266,259.9976761550483,178.20432427818272,614.0848181466552
2025-08-08,1277.41798672746,222.3254227869039,227.36533256086494,259.484972306329,185.75269150732848,620.1061934366195
2025-08-11,1272.9432049808347,222.21045207685825,226.89124561999444,257.86530393696137,184.20399225985372,617.3413658647524
2025-08-12,1280.6343128917983,225.391771275362,229.53266611201636,258.0633908276044,186.2067476645811,636.7917062083185
2025-08-13,1269.6570120974118,221.70366915213097,227.97491239557016,261.66394588339404,189.19059489843167,628.7956021600494
2025-08-14,1272.6635244448053,222.51281351576594,229.08113828885982,269.14471748881795,188.74464068321333,630.447963494641
2025-08-15,1261.6862236504187,221.52903839040482,230.16478779099168,269.2029825225346,187.77975273815863,632.9467922843323
2025-08-18,1272.593550895875,220.22157407819228,229.713277241279,269.73899594073896,187.21217013433093,618.5504781616863
2025-08-19,1228.0553335868763,217.09990183078673,227.53468140471446,265.68398428995465,186.94459512374755,605.7420617608055
2025-08-20,1226.3772503706996,215.37510536962083,224.99484603618077,260.79002371762033,183.2553206061295,602.7112847663437
2025-08-21,1223.440497912545,215.09781844518753,225.48024708279604,258.62269603530183,182.3552978263966,595.7629365446184
2025-08-22,1244.4860843442998,216.3733042360667,232.63689398605186,266.6511269536766,184.67427711569871,608.410144553852
2025-08-25,1257.2115487336391,215.10636002483085,235.3460609249912,265.602427466745,184.1877883757852,607.2091272282072
2025-08-26,1270.9155745095443,214.15934513333346,233.82216315855976,266.4996592020037,185.9310583047015,607.8539607947954
2025-08-27,1269.726985646342,216.16427134528635,234.20592726135507,266.97738980649945,186.88785671498385,602.43724037246
2025-08-28,1259.7284598982123,217.40134622893515,238.90181662218325,269.86717190291876,188.56624907131646,605.4438311722166
2025-08-29,1217.846994021802,216.1429435973426,240.33539155053947,266.8375679495731,188.225706953377,595.4406184804863
2025-09-02,1194.0746826085285,215.47320252969624,238.5744675871167,262.5728235133993,186.2634984806067,592.5467649638043
2025-09-03,1192.9560672942564,215.57132589093618,260.3718091522824,263.3302333917317,193.358256213929,594.1105258504456
2025-09-04,1200.227654401176,216.6889627659836,262.2230732272243,274.6212928383348,194.42041709244253,603.4609580830418
2025-09-05,1167.7851395411444,211.15623315551693,265.2708687600871,270.7177844992074,194.3474623923484,606.5239668839167
2025-09-08,1176.804783413171,212.52128762741052,264.42348542341574,274.80773383423127,192.87986941604973,606.4030359103909
2025-09-09,1193.9348423405138,212.61085630842493,270.7391919845693,277.6042954327023,190.01765057080848,617.2043436678105
2025-09-10,1239.8716759893512,213.44697477096415,270.21945133151047,268.38732539047754,183.887768375279,606.1451320995042
2025-09-11,1238.8226069046266,213.7199778049935,271.5752439420521,267.94453247022136,186.51486960712157,605.2745771688615
2025-09-12,1243.367789519565,217.51225575847556,272.06109409820834,265.84711571636615,189.7906224921822,609.0550274800212
2025-09-15,1242.8781883367446,219.84136897940635,284.27445533160824,269.66906723228374,191.9230834130293,616.3982523499942
2025-09-16,1222.8104154826358,217.14540015302794,283.7660287842942,272.7219807551145,193.09878314537985,627.9249978698256
2025-09-17,1190.7157386001873,217.5634397334241,281.9244205644841,269.8904636924118,193.77989219578262,625.2811012714843
2025-09-18,1232.3199810270194,216.89371176636004,284.74897410857585,269.4360248774092,192.87986941604973,628.9326243569911
2025-09-19,1235.326493374413,220.93770430767452,287.7882020132717,269.7273322660004,199.05837567104675,627.4252321118873
2025-09-22,1283.853096142588,219.4531987265972,285.3139020908381,265.2412091496906,207.63693026473624,617.1853402291136
2025-09-23,1247.6329711089365,217.2264534555635,284.33095676655637,257.17782276708414,206.29908002634312,609.3128325717458
2025-09-24,1237.4242042244796,217.61889449819432,279.22414944914556,256.5952079899017,204.58011592352955,613.5555847188414
2025-09-25,1242.4586675327007,216.28798014370946,277.6988698072033,254.19482017271662,208.27747997592,604.0779034863474
2025-09-26,1245.9548878927599,218.177712935718,278.54625314387476,256.0941500359289,207.1342376407542,599.9158048946565
2025-09-29,1271.5466184080644,219.51714266868163,275.7330137055277,258.8790479596615,206.29908002634312,599.6335174507406
2025-09-30,1304.6200703367704,220.94621968615326,274.65967644939525,255.8494617863078,206.4612429396476,592.3579152067799
2025-10-01,1309.235119670793,221.6969878551707,276.6933308183199,257.08460226913587,207.12611088419607,578.6132462729042
2025-10-02,1320.7723156864672,220.00347558447757,277.5859014841948,259.15870945350616,208.48830417047773,586.4454271525698
2025-10-03,1311.891977933227,220.69023430849919,277.20179191252174,255.77953307785265,209.20993533831376,573.1444514925813
2025-10-06,1297.3481627403137,225.47647964035232,282.9412736591122,257.3992014472202,208.13155816846978,577.2581776948618
2025-10-07,1293.8519423802545,223.5184404123618,277.66499658374465,258.42460914465886,207.96128090586907,575.1771283990164
2025-10-08,1322.3105586346292,223.88957990821342,276.3769849670081,262.433001656473,209.2423679209747,579.0166127690892
2025-10-09,1346.5038864697863,222.84449405780515,272.88584922339027,265.3693851118704,205.98283132724453,591.656170043263
2025-10-10,1280.7065298674881,217.96442235569825,267.281946737854,252.12071298834636,198.8718821171156,568.9016993454858
2025-10-13,1316.786814633125,219.28255054188267,275.84598202853624,256.4320765634902,200.8097723565212,577.2904095012751
2025-10-14,1258.8206198694966,219.0778015415062,277.31476023553034,252.14402255783145,200.8989557552077,571.6038402494436
2025-10-15,1257.4222171893496,219.01807598691434,283.61915269093913,251.188543568848,202.17195323554097,578.7826483550025
2025-10-16,1271.266831042189,218.24170928013152,284.1049855736515,249.90678394704977,200.63948268665857,574.3624485141008
2025-10-17,1281.1260506715325,219.08208543191017,286.18386181866737,248.24049643871206,204.56388722493722,578.2744914682889
2025-10-20,1277.0704692394143,220.45138449246085,289.8557814259867,252.2488889505262,212.63163484534843,590.5752939378475
2025-10-21,1266.7219689167882,220.82249778714788,282.9751641560148,258.71591653325004,213.06137276923636,591.4625817664597
2025-10-22,1260.5686766346034,222.05101799057113,284.3648645369028,253.961777817842,209.5586290273352,591.5754671282775
2025-10-23,1273.7141959772152,222.059585771379,285.93529696116076,257.6205979073483,210.47483087661277,592.0513922085778
2025-10-24,1302.3825192186894,223.36063079827676,293.6632975678041,261.2561262073615,213.10191970119342,595.5682129974513
2025-10-27,1338.9522983373001,226.73489537252718,304.22711400395235,264.47215337661163,217.95876719460395,605.6185147294851
2025-10-28,1405.6585632667711,231.23528599913917,302.19340781469606,267.12887533816433,218.11281575861224,606.1186753640716
2025-10-29,1447.682219667802,231.0134407388938,310.2151606080494,268.3523699262459,218.68042317696376,606.3041686695859
2025-10-30,1418.6642423413684,224.2777763621871,318.0222735876865,259.683059196972,220.058820347314,537.5810707981129
2025-10-31,1415.8673301512283,220.88648103097916,317.69459635718613,284.57236318940693,219.2236627329029,522.9652546186223
2025-11-03,1446.5634975236842,220.55375244235793,320.55304039818054,295.9683068086968,218.15338750509318,514.3830055456107
2025-11-04,1389.296610929975,219.40201475164866,313.57073436405705,290.515041028665,218.95611253684336,506.0022916419483
2025-11-05,1364.9635496566489,216.34343490847968,321.2196225977066,291.5404309461116,219.03718158623371,512.9633252759987
2025-11-06,1315.1086245871027,212.0520509714835,321.7167523127198,283.1973830696605,218.7371739929894,499.2428918964093
2025-11-07,1315.59779845054,211.93261296288205,315.02819846530633,284.79375964953505,217.68310264924818,501.47720269135584
2025-11-10,1391.8139494139314,215.8485997147872,327.7612830783211,289.44301419225627,218.67325177957358,509.5836747628103
2025-11-11,1350.629334620989,216.99182202701772,329.12837252116367,290.25868910430535,223.39687009447883,505.808752724726
2025-11-12,1355.1043300273059,218.04121796899446,323.93120781878986,284.5490536199219,221.95221814547165,491.23326332293755
2025-11-13,1306.5779409188222,214.692578133674,314.73448082548407,276.83523965962337,221.53014790945082,491.9431034577435
2025-11-14,1329.7223064991006,217.63169376707702,312.29401957962136,273.4677269587084,221.09189860388528,491.59625368183913
2025-11-17,1304.760017434631,216.48418756444258,322.02180133173067,271.34700063536803,217.07437756489122,485.58697148922727
2025-11-18,1268.1203715969352,210.64008331446306,321.18573210080405,259.32184087991754,217.05814886629886,482.1024812259291
2025-11-19,1304.2005495327264,207.7947940513138,330.8231046476187,259.484972306329,217.96717931818623,476.15771200572476
2025-11-20,1263.0859082887139,204.46980076699978,327.02691988499,253.01794472360513,216.092342783862,475.2140061759942
2025-11-21,1250.7795373840363,201.77305900626715,338.56240208656294,257.1545131975991,220.34517995244545,479.3277323782748
2025-11-24,1276.4412414482708,202.57653081777698,359.938599816366,263.6681421393011,223.9406803844663,494.4919828626003
2025-11-25,1243.367789519565,203.8543747134657,365.42955125233766,267.6182696173986,224.79283594770885,513.1810503879261
2025-11-26,1260.428729536743,207.49137146524183,361.48650766979773,267.0240089454696,225.2635922795068,511.0758642569566
2025-11-28,1237.6340180414243,210.27359452531908,361.74633481271746,271.75483809139257,226.31868101872553,522.642640397004
2025-12-01,1258.0514449804928,208.02130311884906,355.76961958780896,272.52389386447146,229.7680487198435,516.9318355908863
2025-12-02,1268.8196797668545,209.4145631443808,356.8090318001511,273.15311000063207,232.27592857188944,521.9569864569032
2025-12-03,1255.744133973173,204.17064897074945,361.1249399423948,270.77604953292405,230.62022909760992,515.9074268461702
2025-12-04,1282.3161351525744,205.49979474662717,358.85396572793275,266.96574391175295,227.8201582273298,533.5964692598093
2025-12-05,1275.5332945897094,206.4912992155306,362.9778277210619,267.45513819098716,226.2618557591284,543.18698649454
2025-12-08,1297.4903532649337,209.8504850195824,354.679527091108,264.37893287866336,225.53952978462482,537.8472176590318
2025-12-09,1293.434558173124,210.27785221455844,358.47819922965624,265.57911789725995,224.9632869119764,529.9102463888377
2025-12-10,1285.1132610024058,204.52537343701044,362.0168714908459,270.0769046883083,226.2618557591284,524.4010261116503
2025-12-11,1265.1840464581633,206.62378540407795,353.2211302238889,268.32906035676086,225.65315548929527,526.4820754074957
2025-12-12,1223.8574548002923,204.5125479669632,349.67116113039833,263.5632757466063,225.85603903622373,519.6420714661332
2025-12-15,1232.7380062132238,202.9269844942163,348.46146730823693,259.31017720517906,222.47161094399908,522.7137181936886
2025-12-16,1242.7376002598103,203.5979701171788,346.59603900930927,259.33348677466415,222.87742766690374,530.4957990986077
2025-12-17,1195.3272625493018,203.48256708791808,335.45998792413536,257.8303484727298,220.6292566213835,524.3201751179216
2025-12-18,1217.7038420285705,206.84175289196992,341.9494135104414,264.2274473469985,220.91333329032148,536.3887901183106
2025-12-19,1265.6037809218988,207.67086254299204,347.2630703183763,264.9149462968677,222.11452994591926,531.8035318384414
2025-12-22,1284.4839263814167,207.243495348016,350.22515502268135,266.1733785691889,219.9231593454723,534.0073877718918
2025-12-23,1323.083579398078,208.06832110863414,355.3917802762663,270.49638803907936,221.0513020428805,536.7843578006925
2025-12-24,1318.887837208408,208.5683441329075,355.0978208082296,270.77604953292405,222.22813083606582,538.8913208765792
2025-12-26,1332.313784895969,208.4358579443601,354.442155425239,270.9391809593355,221.89539288587454,535.4523895065726
2025-12-29,1316.1606849075067,208.1751694576693,354.49867413363097,270.41483121586964,222.18758390410875,531.7389695064529
2025-12-30,1311.4056884756235,208.3375642755506,354.82652409857025,270.95082685408204,221.6356344503012,537.5997287197426
2025-12-31,1304.1332467299385,206.687899653732,353.86553332146644,268.95829427291346,220.64548531997582,532.8691064737374
2026-01-02,1320.566134084276,202.12351268270643,356.2962177980902,263.92449406366075,219.95564155718083,525.054744402824
2026-01-05,1315.461483567433,202.08506247372924,357.86772117586895,271.5683970954961,216.9120905789675,531.8196724214384
2026-01-06,1309.3079776255572,204.5040063873199,355.38048344396543,280.7387479987508,212.93516610097822,533.2969553221135
2026-01-07,1322.384164398313,206.62378540407795,364.0179999649349,281.4728483075981,211.28758097599493,523.6662593884237
2026-01-08,1293.923945696253,204.33304378863073,367.92970952026724,286.9843791213466,210.24060658607243,521.5431557295399
2026-01-09,1292.6652764542746,204.83307991348636,371.4683817814569,288.2544928483983,210.50842974189422,527.194038004286
2026-01-12,1293.2247443561791,203.93558522298864,375.18790700012363,287.1941296867281,211.22264136710157,518.2413946352182
2026-01-13,1299.3083835789707,201.15337526349367,379.8344979521037,282.68469700093317,211.87193819793947,509.4584001461537
2026-01-14,1280.637945106552,196.32828670519504,379.6875354915292,275.75156692846815,210.98727560846453,496.88922963452995
2026-01-15,1307.979228004803,195.16581963760254,376.2280446971089,277.5343667242472,209.56696670734596,501.15157753529473
2026-01-16,1302.2452428669712,196.53341562245748,373.0850724884391,278.629685350149,207.39182480549135,500.70758810392147
2026-01-20,1245.1851788545277,194.25124178781812,364.0405936295366,269.168027058303,200.22527865469547,487.68638254921626
2026-01-21,1281.8967211783759,189.80224474547106,371.2535692333018,269.5292453753574,200.9963155395,494.8226426959265
2026-01-22,1292.5254361862599,192.80670608326193,373.6955505422264,273.05988950268386,201.5644440628522,522.8105616916713
2026-01-23,1312.314703632642,199.1361476047845,370.74479721711003,278.67630448911905,201.31283719836085,531.7954862267334
2026-01-26,1303.9235397428392,200.98669655520843,376.7707072102032,277.8140282180919,207.29445261393712,542.7742416779593
2026-01-27,1318.258502587419,205.38866250718812,378.22910407742233,285.1083588276193,209.61565280312306,543.2667022179049
2026-01-28,1339.236465726849,205.83742295301928,379.8797198281949,283.1624276054289,208.13040429311113,539.8438620713143
2026-01-29,1346.1592533875746,185.26777950436176,382.4122139830774,281.6709351982411,209.62376715241925,596.0135844970935
2026-01-30,1336.5094202557934,183.89591272968514,382.1295513473416,278.83943591553043,210.59773721319993,578.4070713029381
2026-02-02,1297.9097672391322,180.9384562810971,388.5624236783678,283.10418035170426,219.14400811137153,570.2617038816313
2026-02-03,1261.0583846472693,175.7415469966686,384.06279518696215,278.04707057296645,218.7138731551022,558.3868252367887
2026-02-04,1218.0536029433758,177.0151332031179,376.5220041651455,271.4868402722864,224.40324792339658,540.05383772902
2026-02-05,1201.9005029549135,168.2453676177318,374.49828202645483,259.484972306329,223.93254122064627,541.0387094493303
2026-02-06,1296.511364558985,171.43787471349845,365.0128466920534,245.07108840843205,225.72618463296092,533.9751066058976
2026-02-09,1328.8873244251486,176.7629862960704,366.66349698971374,243.20671400945133,223.0941080890881,546.6975879762035
2026-02-10,1318.3983428554336,176.62194542729742,360.17403685652,241.1559163945661,222.33046593238836,541.4503189955474
2026-02-11,1328.9574048039246,172.81829616840065,351.55914854703997,237.80004958839763,223.8089897064392,539.8116302649012
2026-02-12,1307.2101599456448,171.73702650974874,349.3433111654591,232.5798261632404,212.62262717319396,524.5704281937485
2026-02-13,1278.3303136096952,171.51480133261742,345.6350482322055,231.63597528901155,207.78898125957534,516.465436909725
2026-02-17,1293.434558173124,169.6086928127651,341.4519383265505,234.3859177485125,214.36922224830505,516.0779641986321
2026-02-18,1314.4823880316387,170.77971456058322,342.9329979521468,238.62735261520123,214.75104332665492,519.2505019098147
2026-02-19,1313.92302695958,170.6811850812927,342.3903354390525,238.70892721840292,211.68836035055975,520.5098622602382
2026-02-20,1327.3490814769866,170.1543189639378,356.1040680083123,244.82638237881892,214.9378718766579,529.2929554684647
2026-02-23,1339.446279543794,164.68853332889663,352.15836431541413,239.18667560289063,216.23765663547815,514.4311804966968
2026-02-24,1348.5368584333617,166.62897847489177,351.4913675532348,243.02027301355486,221.0794417129168,516.0860591699212
2026-02-25,1367.4868706119642,171.59785902424113,353.75249590468235,245.44395262023295,222.77730106320308,527.7025897676479
2026-02-26,1292.8750902712195,172.07761544773498,347.51177336343403,242.27452680996095,221.73744844162312,530.3827656580469
2026-02-27,1239.031566082806,168.2310093795584,352.4636551626394,244.69820641663907,214.61292568695285,523.2545511230446
2026-03-02,1276.0227889426837,170.71972699434585,346.53948575402944,242.82218612291183,215.05159683942372,527.597651298376
2026-03-03,1259.0305405162874,173.0242635229287,343.2156260409949,243.21835990419785,214.2636116348354,528.8247304828052
2026-03-04,1279.9386369366327,173.5682783024816,342.70692311857863,252.64508051180417,213.26438038878402,539.0366354831343
2026-03-05,1282.0363477866993,175.91564063452145,340.16316667828306,255.11536147746043,211.45279607573192,533.2566285444112
2026-03-06,1243.4370152595752,175.17887698795604,337.49500689512695,248.43860110934705,209.1537552563365,520.5744245922266
2026-03-09,1277.2114846357315,175.37163895555082,346.60239563665897,248.76486396216987,211.1197107222069,522.6168253361249
2026-03-10,1292.0359418332855,173.80816306451965,347.3717548273014,249.74365252063834,211.8914672282028,528.0094089233361
2026-03-11,1300.9171342252912,173.43120691013794,349.249827287153,247.7860576237094,211.8752137150866,528.6471347102558
2026-03-12,1280.707277676408,172.13757681280782,343.4232873833816,244.1505471036882,207.77272774645908,515.1819397241775
2026-03-13,1260.4973142976792,169.4346777784059,341.98648232101885,241.9832194213697,203.19094924983213,495.428037957271
2026-03-16,1281.2667455783126,171.3194323491499,345.6973362708552,246.72571224203122,205.38436704849602,506.9535988471576
2026-03-17,1272.2456060884465,171.0881153679197,351.76142057493445,250.75739654333842,206.5298054690218,503.0834621772647
2026-03-18,1261.546276552558,167.8240790929314,348.1071198803779,244.54672088497423,203.0447296680958,497.44393260615567
2026-03-19,1248.6790489579816,166.63753315511738,347.47356450556015,243.25331536842944,202.24860529968745,490.18846907125567
2026-03-20,1207.699761128465,163.57482662853175,340.5383458794675,239.30318789033197,201.46059528057535,479.65266650020146
2026-03-23,1228.2593785921536,164.05886694242955,341.7376065415223,244.8613378430505,204.30390545864933,488.05544413658464
2026-03-24,1225.1823585466013,159.6639622042961,328.59123751011253,241.48217924738896,204.42575717797325,479.05477389517375
2026-03-25,1249.5181973959156,158.93577943912084,329.1455768712732,246.6907567777996,205.22188154638158,480.6464723046784
2026-03-26,1197.4900327753967,156.76403041247772,317.82072704443516,241.83173388970482,205.4412295298789,442.3895886329327
2026-03-27,1171.4757902203687,152.82317875541455,310.37639093327294,232.27685509991068,202.11861441654352,424.75992579527383
2026-03-30,1155.0421550571111,153.7612721503826,309.4260405976024,234.15287539363788,200.35576582831624,433.3728271681057
2026-03-31,1219.5880000170928,158.56310717514305,325.33291324317804,242.68236426598548,206.1723522530843,462.2573135936965
2026-04-01,1229.028660311003,158.22042214399283,336.4541782603863,245.36239579702323,207.66712954025138,467.9938347415313
2026-04-02,1240.4971647358952,159.97237611221487,334.6213622235137,244.4302085975329,207.90271862960302,464.1398880142165
2026-04-06,1242.2454351606934,159.7239366699512,339.3956730195802,247.94918905012082,210.2910793275661,462.97643332973627
2026-04-07,1245.4622954742604,159.47121333728361,345.5841952134078,249.0911268149927,205.9367755709946,464.61655348823234
2026-04-08,1273.294675173171,160.34504837619266,359.00210278269134,257.80703890324475,210.32358635379853,494.8099572836016
2026-04-09,1286.0919292188175,159.80533058762597,360.3257667876067,272.2558782653733,211.61525676332252,507.71309472048074
2026-04-10,1319.0991466431926,158.86295330225394,358.9115899367334,277.76742685911375,211.60714241402636,508.9007355996662
2026-04-13,1323.8543567347672,164.64570752543952,363.5162064200727,279.5269170854077,210.5673146069702,512.6739794119953
2026-04-14,1374.2043313092638,168.3895002239217,376.63994723999303,290.1654686063571,210.2667114651537,535.2644282220068
2026-04-15,1390.7079400214513,176.1469576157517,381.40296120375865,289.5595442596896,216.44076351312117,542.6088377219245
2026-04-16,1387.0715589038402,180.01926702635188,380.15844411872484,290.9578161689291,213.97926200613514,546.8828838433936
2026-04-17,1410.35832866843,181.10299959447147,386.5619515951464,291.95991429688263,219.52778953710492,556.319843421537
2026-04-20,1413.0157210800924,179.08117363138382,381.7423843761009,289.3031923353299,221.81866637815645,542.0674618371771
2026-04-21,1397.7709952695743,181.68984017748144,375.93850723070676,291.2025221985422,216.22956710070576,540.3950111531058
2026-04-22,1416.0927411256446,185.4422006567715,383.8919608269385,297.5530197138328,221.91618745685372,545.1457721081717
2026-04-23,1396.0925915638609,178.08738966116456,383.4054715533585,297.22675686101,222.12738386926912,532.5658905674643
2026-04-24,1456.4425875043266,181.8868729348979,389.63921562327727,307.60893867760774,220.2020497789274,545.3962719819037
2026-04-27,1514.7646324839648,181.9725507429766,396.35948351366375,304.2647355461778,217.39934856912012,548.2968384016059
2026-04-28,1490.7085810005256,183.87014388435014,395.72592813884603,302.6101294925706,219.91772496475096,542.414903928054
2026-04-29,1463.2958289355047,181.81833068843494,395.9069538307619,306.5019919369514,219.4790538122801,540.6212261129706
2026-04-30,1395.6030972108865,174.67343032262085,435.34602637810343,308.8557428351744,220.43766368280288,494.3979035011553
2026-05-01,1387.7708670737595,177.5262524205782,436.35296451594155,312.5844916331358,227.5784151360655,491.8447791723299
2026-05-04,1387.980574060859,177.1749996086201,433.5924263548879,317.00068604099056,224.889438889024,493.18597770810266
2026-05-05,1374.1343577603336,176.21549986221464,439.45285675556187,318.74853037253797,230.86040887387225,488.78260948433245
2026-05-06,1453.36567428862,177.32063878177163,450.32521144638577,320.4264637756222,233.5656138195061,495.1816349287646
2026-05-07,1479.0301559288428,180.237719235788,450.2686236442182,315.9753139035359,233.50873893086126,498.35688741690393
2026-05-08,1504.9044513860106,177.81753076688122,453.44773189749554,317.73478634983786,238.2855099558351,492.55575457749956
2026-05-11,1534.554968228804,176.76378543158918,439.69047024964533,313.4350864494325,237.98463385425634,483.8540553183931
2026-05-12,1543.925654973784,174.66913333163464,438.2310024289053,309.74132867568665,239.7084491964809,487.1990060461168
2026-05-13,1579.2406107248619,173.5725621928855,455.50683004926304,314.7634652102008,243.0178629831326,498.2114740911868
2026-05-14,1648.5417726062635,175.3802067363587,453.7532300260475,311.37264293980076,242.48119927601147,499.66580478668243
2026-05-15,1575.674203156181,180.7303273304937,448.89970321632387,307.7837515587497,244.12372223813108,496.27238295038626
2026-05-18,1554.6950648884483,181.42426517360204,449.08072890823973,308.62268270030785,242.18034798895656,493.8323414217027
2026-05-19,1542.7368524508904,178.8027469562926,438.5817224335484,302.19062836180757,243.09918017776133,486.8838944808153
2026-05-20,1562.7370020126743,180.36193895691986,439.99593383130946,308.7974955814497,245.76622038572688,488.8634111184801
2026-05-21,1535.0444625817784,179.90690333217896,438.5817224335484,312.81751620801845,247.9941675943163,490.73784120813
2026-05-22,1505.8135733728745,179.6836825107947,433.2756659409229,310.3239434528691,251.10843996547803,493.0647999366717
2026-05-26,1502.526846340223,178.59330794746168,439.9619742406314,309.1237584342726,250.70999315615433,494.74534559203204
2026-05-27,1486.7225457979548,177.15093383898088,439.9053864384637,316.7676614661079,252.75907727689386,513.2637770457341
2026-05-28,1498.2610237717772,183.29821176396916,441.37618563839237,319.27289789599575,254.10886330125476,513.2879632404392
2026-05-29,1476.5127106150408,193.2789689736945,430.30017704416304,315.35774366212183,253.74294833268732,511.04185550562624
2026-06-01,1568.9608019930176,197.69196561594975,425.80870161827124,304.4278847525812,249.06749500855852,485.1548283573014
2026-06-02,1558.1914989081988,189.44550278953974,409.3814146553252,298.90467248410226,256.2961643197917,482.8602495139161
2026-06-03,1501.7575646213736,183.44846234208148,406.1457185998803,291.3306981607221,252.27933808746522,503.34200766270476
2026-06-04,1530.8825854531935,183.75324738871007,421.0796472451837,295.7236007790837,253.0680677277688,507.0505410643024
2026-06-05,1435.9463201391352,178.86805335893362,416.93885727704713,286.6814258380088,249.90501000273454,479.11943494632425
2026-06-08,1460.7305238508313,176.75169359414932,411.278695184777,285.7375927437719,245.18891048855332,472.9708600160431
2026-06-09,1457.580004871441,173.17579795810394,412.35413980106347,284.5374077251754,236.25267934821176,472.3244963024429
2026-06-10,1403.1806449958763,170.57864682382606,403.4337188161438,277.32463393885763,237.0901943423878,461.3281688403701
2026-06-11,1434.335967045129,167.56510678251863,405.0072259134132,281.4145832738815,240.38335461592325,459.26785056855755
2026-06-12,1436.5764025690441,167.73681611439744,407.169411978287,277.9655137497568,236.72430418834423,458.0963009127882
2026-06-15,1487.4050816821,171.60892901626352,418.11618066536784,286.66977994326226,241.0257281946094,479.9516374825059
2026-06-16,1452.1190768192055,169.06328937149104,422.531100187961,286.6464703737772,243.31871427018748,485.3942716848825
2026-06-17,1432.795694329899,162.6584408983934,411.8220831825146,276.74201916167516,240.64355971292574,459.00614606993156
2026-06-18,1475.0830067901052,162.86878384740126,416.6218895817555,284.77045008004995,242.3185897012778,466.8020476575393
2026-06-22,1460.8004973997615,157.69166954279032,395.8490877937468,271.25378013741977,241.50546738403798,455.9896339943877
2026-06-23,1400.520154518689,160.52491937082883,391.83038652699014,272.79189168357766,239.301888037861,454.65529644037827
2026-06-24,1393.2389527256566,156.88462127231938,390.87948344111527,272.97833267947414,238.30987781824751,450.99182833626185
2026-06-25,1370.4150766824632,151.46281429197543,389.0908528737008,264.51875473558977,223.73060062562377,439.0229690491364
2026-06-26,1347.9411752137664,160.10851736321698,381.93643424470616,271.13726784997846,230.74785019372698,444.9912334299115
2026-06-29,1365.024122179158,158.2196885113854,400.3432578768847,279.81822447399895,229.08907371849114,454.978749774874
2026-06-30,1400.8702359230313,160.12997611698347,404.5544198554092,277.7208077201436,235.28506180553453,455.53675983842885
2026-07-01,1383.297260455437,164.9636717578368,408.9014201966461,281.63597973400954,239.36695171937353,495.6648158674764
2026-07-02,1364.0439583449065,167.62949614440038,407.429791871411,282.7662538241429,250.95394474004058,471.39554898744063
2026-07-06,1369.0848314438695,166.0196965944447,414.8445903935296,284.5024522609438,254.23082668593597,485.4589327360331
2026-07-07,1378.7464158586768,166.92118696253632,415.4898571633015,286.6231608042922,252.60458205145636,497.82410009925593
2026-07-08,1429.0850664695301,164.5601476226013,409.7051880875076,283.8732183447912,254.8244149107496,487.74758842969464
2026-07-09,1419.703483080289,164.99800838397965,406.2751312414675,287.8583012871203,257.12554015014774,510.68251775572105
2026-07-10,1476.9733609096775,165.31568440356685,404.3393309321519,285.8774146006983,256.39373502753665,541.1950806020363
2026-07-13,1424.9543836558883,167.84413608439448,399.0527588842288,288.17291824519657,258.01184049819625,531.1023789898969
2026-07-14,1482.8543439151856,165.24270105971266,406.9769858134069,288.3826688105781,256.0196808951492,534.5879058043967
2026-07-15,1487.7551630864425,169.83600101581914,419.8934798535937,297.0869350040836,266.2975588960316,550.9804201030962
2026-07-16,1452.0489964404294,172.18416248337783,401.2602013720815,291.1792126290572,270.98115138398043,537.4183816190349
2026-07-17,1419.9135105569253,169.05900548108713,392.55486931041906,288.07969774724836,271.3714342149603,522.4330596159467
2026-07-20,1423.2040834640218,172.69500658861034,398.46407991662454,291.2957426964905,265.55761460960053,522.3036387944836
2026-07-21,1451.2788600828144,170.74607226530094,392.98504715693366,288.45257973904125,266.4927003115215,520.6538935176864
2026-07-22,1484.6746176559823,167.56510678251863,387.2569658833073,285.30646349825435,264.988443876247,507.19699094122115
2026-07-23,1461.5706337573765,163.8046108416358,359.63538178240697,272.26754194011187,261.5489275410941,490.15752061394926
2026-07-24,1448.1283411034242,163.85613543172346,361.95603442148257,270.4614325748478,270.7859851539667,481.3345448642497
2026-07-27,1375.8059243559228,167.03280392351957,369.67650380659205,269.62246587330566,273.9490428790009,480.2670452052935
2026-07-28,1379.3065247396557,168.85724341346938,377.77052868916064,269.00489563189154,276.5266267285177,479.8950220430634
2026-07-29,1330.2981193673963,167.65096799874917,381.1666259445227,264.0992713848187,274.9898384524869,473.58711438521436
2026-07-30,1365.514150681361,193.6481564827871,377.7139408869931,274.4115600529453,271.11936828177784,435.9175603681559
2026-07-31,1405.4910540687215,199.49494635213304,403.1507107115303,316.4530267280397,251.18161799628677,450.21550084580724
2026-08-03,1446.7281223159,209.33833085612238,422.8254396717631,330.9484852291383,246.71758441528792,477.3314334830594
2026-08-04,1483.834507749437,211.55341660893131,427.5120359197811,323.25799861831683,251.5637864779704,475.47141639107053
2026-08-05,1534.803240790199,209.25676663087805,410.28250112903544,317.6998308856063,252.88104066157504,476.14265733351033
2026-08-06,1533.1929945260388,214.57983452261513,404.98459770192375,317.2454098505956,254.027546106626,477.05650061671713
2026-08-07,1567.9889708867304,214.63564300310676,401.0790720395023,319.8322208836851,254.77560474235327,478.8356173553963
